"RecordIDS","AverageConsistency","Pages-Consistency","Pages-Values","Title-Consistency","Title-Values","Rating-Consistency","Rating-Values","Publisher-Consistency","Publisher-Values","Authors-Consistency","Authors-Values","Year-Consistency","Year-Values","Genres-Consistency","Genres-Values","Price-Consistency","Price-Values"
"goodreads_346+goodreads_41886+goodreads_46629+recommendation_101955+recommendation_138966+recommendation_14256+recommendation_178379+recommendation_196972+recommendation_238157+recommendation_3754+recommendation_65810+recommendation_72354","0.6833333333333333","0.0","{256|117|140}","1.0","{The Hound of the Baskervilles|The Hound of the Baskervilles|The Hound of the Baskervilles|The Hound of the Baskervilles|The Hound of the Baskervilles|The Hound of the Baskervilles|The Hound of the Baskervilles|The Hound of the Baskervilles|The Hound of the Baskervilles|The Hound of the Baskervilles|The Hound of the Baskervilles|The Hound of the Baskervilles}","1.0","{4|4|4}",,,"0.4166666666666667","{[de.unimannheim.wdi.model.Author@ddbd49b7]|[de.unimannheim.wdi.model.Author@ddbd49b7]|[de.unimannheim.wdi.model.Author@ddbd49b7]|[de.unimannheim.wdi.model.Author@7bf803fd]|[de.unimannheim.wdi.model.Author@7bf803fd]|[de.unimannheim.wdi.model.Author@81332b9b]|[de.unimannheim.wdi.model.Author@81332b9b]|[de.unimannheim.wdi.model.Author@7bf803fd]|[de.unimannheim.wdi.model.Author@81332b9b]|[de.unimannheim.wdi.model.Author@81332b9b]|[de.unimannheim.wdi.model.Author@7bf803fd]|[de.unimannheim.wdi.model.Author@81332b9b]}",,,"1.0","{[, Classics, , Mystery, , Fiction, , Mystery, , Crime, ]|[, Classics, , Mystery, , Fiction, , Mystery, , Crime, ]|[, Classics, , Mystery, , Fiction, , Mystery, , Crime, ]}",,
"goodreads_5576+recommendation_155214+recommendation_19682+recommendation_27166","0.7142857142857143","1.0","{374}","1.0","{Aunt Julia and the Scriptwriter|Aunt Julia and the Scriptwriter|Aunt Julia and the Scriptwriter|Aunt Julia and the Scriptwriter}","1.0","{3}","0.0","{Avon Books|Penguin Books|Faber Faber Inc}","1.0","{[de.unimannheim.wdi.model.Author@890a860a]|[de.unimannheim.wdi.model.Author@890a860a]|[de.unimannheim.wdi.model.Author@890a860a]|[de.unimannheim.wdi.model.Author@890a860a]}","0.0","{1986|1995|0}","1.0","{[, Fiction, , Cultural, , Latin American, , Nobel Prize, , European Literature, , Spanish Literature, ]}",,
"goodreads_3738+kindle_17349+recommendation_27214+recommendation_72607+recommendation_91086","0.55","0.0","{286|356}","1.0","{Knowing God|Knowing God|Knowing God|Knowing God|Knowing God}","1.0","{4|4}","0.0","{IVP Books|Trafalgar Square Publishing|Intervarsity Pr|InterVarsity Press}","0.4","{[de.unimannheim.wdi.model.Author@c18579c]|[de.unimannheim.wdi.model.Author@a06a6844]|[de.unimannheim.wdi.model.Author@8e0938c5]|[de.unimannheim.wdi.model.Author@fb3e4741]|[de.unimannheim.wdi.model.Author@c18579c]}","0.0","{1996|1982|1993}","1.0","{[, Religion, , Theology, , Christian, , Religion, , Christianity, , Nonfiction, , Christian, , Christian Living, , Religion, , Faith, , Religion, ]}","1.0","{11}"
"goodreads_18571+goodreads_21718+goodreads_28385+goodreads_32288+goodreads_34620+goodreads_39737+goodreads_41909+goodreads_42323+goodreads_43189+goodreads_46333+goodreads_47139+goodreads_51876+goodreads_669+kindle_9780+recommendation_100892+recommendation_103888+recommendation_123293+recommendation_245154+recommendation_245464+recommendation_259819+recommendation_270366+recommendation_270602","0.3333333333333333",,,,,,,"0.0","{Stewart, Tabori, &amp; Chang|Holt Rinehart and Winston|Scholastic|Simon &amp; Schuster (J)|Gramercy|Pocket Books|Unicorn Publishing House|Penguin Putnam}",,,"0.0","{1990|1997|1988|1983|1984|1981|1987|1994}",,,"1.0","{0}"
"goodreads_11634+goodreads_277+goodreads_31428+recommendation_198737+recommendation_62635","0.5714285714285714","0.0","{356|370|338}","1.0","{Misery|Misery|Misery|Misery|Misery}","1.0","{4|4|4}","0.0","{Fireside|Sagebrush Bound}","1.0","{[de.unimannheim.wdi.model.Author@50f1e71]|[de.unimannheim.wdi.model.Author@50f1e71]|[de.unimannheim.wdi.model.Author@50f1e71]|[de.unimannheim.wdi.model.Author@50f1e71]|[de.unimannheim.wdi.model.Author@50f1e71]}","0.0","{2002|1999}","1.0","{[, Horror, , Fiction, , Thriller, ]|[, Horror, , Fiction, , Thriller, ]|[, Horror, , Fiction, , Thriller, ]}",,
"goodreads_15108+recommendation_143829+recommendation_152831+recommendation_203169","0.7738095238095238","1.0","{149}","1.0","{Smith of Wootton Major|Smith of Wootton Major|Smith of Wootton Major|Smith of Wootton Major}","1.0","{3}","0.6666666666666666","{Not Avail|Houghton Mifflin|Not Avail}","0.75","{[de.unimannheim.wdi.model.Author@5cb7d793]|[de.unimannheim.wdi.model.Author@f8dbdfdb]|[de.unimannheim.wdi.model.Author@f8dbdfdb]|[de.unimannheim.wdi.model.Author@f8dbdfdb]}","0.0","{1978|1991|1977}","1.0","{[, Fantasy, , Fiction, , Classics, , Short Stories, ]}",,
"goodreads_203+goodreads_44295+recommendation_246","0.8571428571428571","0.0","{406|409}","1.0","{Wicked: The Life and Times of the Wicked Witch of the West|Wicked: The Life and Times of the Wicked Witch of the West|Wicked: The Life and Times of the Wicked Witch of the West}","1.0","{3|3}","1.0","{Regan Books}","1.0","{[de.unimannheim.wdi.model.Author@afcd7362]|[de.unimannheim.wdi.model.Author@afcd7362]|[de.unimannheim.wdi.model.Author@afcd7362]}","1.0","{1996}","1.0","{[, Fantasy, , Fiction, , Adult, ]|[, Fantasy, , Fiction, , Adult, ]}",,
"goodreads_5515+recommendation_14471","1.0","1.0","{428}","1.0","{Chicken Soup for the Soul|Chicken Soup for the Soul}","1.0","{3}","1.0","{Health Communications}","1.0","{[de.unimannheim.wdi.model.Author@108fba6a]|[de.unimannheim.wdi.model.Author@108fba6a]}","1.0","{2001}","1.0","{[, Nonfiction, , Self Help, , Inspirational, , Short Stories, ]}",,
"goodreads_49109+recommendation_10849+recommendation_48925","0.7142857142857143","1.0","{300}","1.0","{Daughter of Ireland|Daughter of Ireland|Daughter of Ireland}","1.0","{3}","0.0","{Forge|Tor Books}","1.0","{[de.unimannheim.wdi.model.Author@91040f09]|[de.unimannheim.wdi.model.Author@91040f09]|[de.unimannheim.wdi.model.Author@91040f09]}","0.0","{2002|2003}","1.0","{[, Historical, , Historical Fiction, , Cultural, , Ireland, , Fiction, , Historical, , Fantasy, , Romance, ]}",,
"goodreads_51811+recommendation_22871+recommendation_76361","0.7142857142857143","1.0","{8}","1.0","{The Clocks|The Clocks|The Clocks}","1.0","{3}","0.0","{Berkley Publishing Group|Harper Mass Market Paperbacks (Mm)}","1.0","{[de.unimannheim.wdi.model.Author@985dcd86]|[de.unimannheim.wdi.model.Author@985dcd86]|[de.unimannheim.wdi.model.Author@985dcd86]}","0.0","{2004|1991}","1.0","{[, Mystery, , Fiction, , Mystery, , Crime, ]}",,
"goodreads_45104+recommendation_149405+recommendation_230244","0.7142857142857143","1.0","{416}","1.0","{Jupiter|Jupiter|Jupiter}","1.0","{3}","0.0","{Fantastic Audio|Tor Books}","1.0","{[de.unimannheim.wdi.model.Author@647aa68c]|[de.unimannheim.wdi.model.Author@647aa68c]|[de.unimannheim.wdi.model.Author@647aa68c]}","0.0","{2001|2000}","1.0","{[, Science Fiction, , Fiction, ]}",,
"goodreads_28581+recommendation_222193","1.0","1.0","{783}","1.0","{Youngblood Hawke|Youngblood Hawke}","1.0","{4}","1.0","{Back Bay Books}","1.0","{[de.unimannheim.wdi.model.Author@4b8324a8]|[de.unimannheim.wdi.model.Author@4b8324a8]}","1.0","{1992}","1.0","{[, Fiction, , New York, , Novels, , Historical, , Historical Fiction, ]}",,
"goodreads_11119+goodreads_218+goodreads_28516+goodreads_46106+goodreads_8178+recommendation_1196+recommendation_185003+recommendation_3414+recommendation_45576+recommendation_58875","0.5714285714285714","0.0","{399|400|466|480}","1.0","{Jurassic Park|Jurassic Park|Jurassic Park|Jurassic Park|Jurassic Park|Jurassic Park}","1.0","{3|3|3|3}","0.0","{Distribooks Inc|Random House Inc}","1.0","{[de.unimannheim.wdi.model.Author@a937cf6c]|[de.unimannheim.wdi.model.Author@a937cf6c]|[de.unimannheim.wdi.model.Author@a937cf6c]|[de.unimannheim.wdi.model.Author@a937cf6c]|[de.unimannheim.wdi.model.Author@a937cf6c]|[de.unimannheim.wdi.model.Author@a937cf6c]}","0.0","{1994|1993}","1.0","{[, Science Fiction, , Fiction, , Thriller, , Adventure, , Fantasy, ]|[, Science Fiction, , Fiction, , Thriller, , Adventure, , Fantasy, ]|[, Science Fiction, , Fiction, , Thriller, , Adventure, , Fantasy, ]|[, Science Fiction, , Fiction, , Thriller, , Adventure, , Fantasy, ]}",,
"goodreads_15853+goodreads_187+goodreads_31141+goodreads_37847+recommendation_118432","0.8","0.0","{327|329|286|342|362|204|120}","1.0","{Madame Bovary|Madame Bovary|Madame Bovary|Madame Bovary|Madame Bovary|Madame Bovary|Madame Bovary|Madame Bovary|Madame Bovary|Madame Bovary|Madame Bovary|Madame Bovary|Madame Bovary|Madame Bovary|Madame Bovary|Madame Bovary|Madame Bovary}","1.0","{3|3|3|3|3|3|3}",,,"1.0","{[de.unimannheim.wdi.model.Author@4d6593d]|[de.unimannheim.wdi.model.Author@4d6593d]|[de.unimannheim.wdi.model.Author@4d6593d]|[de.unimannheim.wdi.model.Author@4d6593d]|[de.unimannheim.wdi.model.Author@4d6593d]|[de.unimannheim.wdi.model.Author@4d6593d]|[de.unimannheim.wdi.model.Author@4d6593d]|[de.unimannheim.wdi.model.Author@4d6593d]|[de.unimannheim.wdi.model.Author@4d6593d]|[de.unimannheim.wdi.model.Author@4d6593d]|[de.unimannheim.wdi.model.Author@4d6593d]|[de.unimannheim.wdi.model.Author@4d6593d]|[de.unimannheim.wdi.model.Author@4d6593d]|[de.unimannheim.wdi.model.Author@4d6593d]|[de.unimannheim.wdi.model.Author@4d6593d]|[de.unimannheim.wdi.model.Author@4d6593d]|[de.unimannheim.wdi.model.Author@4d6593d]}",,,"1.0","{[, Classics, , Fiction, , Cultural, , France, , Literature, ]|[, Classics, , Fiction, , Cultural, , France, , Literature, ]|[, Classics, , Fiction, , Cultural, , France, , Literature, ]|[, Classics, , Fiction, , Cultural, , France, , Literature, ]|[, Classics, , Fiction, , Cultural, , France, , Literature, ]|[, Classics, , Fiction, , Cultural, , France, , Literature, ]|[, Classics, , Fiction, , Cultural, , France, , Literature, ]}",,
"goodreads_137+recommendation_3725","0.6345238095238096","0.4","{233|240|231|233|241}","1.0","{Holes|Holes|Holes|Holes|Holes|Holes|Holes}","0.8","{3|3|3|3|4}",,,"0.8571428571428571","{[de.unimannheim.wdi.model.Author@279f1ba7]|[de.unimannheim.wdi.model.Author@279f1ba7]|[de.unimannheim.wdi.model.Author@279f1ba7]|[de.unimannheim.wdi.model.Author@279f1ba7]|[de.unimannheim.wdi.model.Author@279f1ba7]|[de.unimannheim.wdi.model.Author@7b552b87]|[de.unimannheim.wdi.model.Author@279f1ba7]}","0.0","{2003|2000}","0.75","{[, Young Adult, , Fiction, , Childrens, , Childrens, , Middle Grade, ]|[, Young Adult, , Fiction, , Childrens, , Childrens, , Middle Grade, , Realistic Fiction, , Adventure, , Mystery, , Classics, , Academic, , School, , Contemporary, ]|[, Young Adult, , Fiction, , Childrens, , Childrens, , Middle Grade, ]|[, Young Adult, , Fiction, , Childrens, , Childrens, , Middle Grade, ]}",,
"goodreads_29816+recommendation_156583","1.0","1.0","{129}","1.0","{Nashville 1864: The Dying of the Light|Nashville 1864: The Dying of the Light}","1.0","{3}","1.0","{Penguin Books}","1.0","{[de.unimannheim.wdi.model.Author@9e5d9d0f]|[de.unimannheim.wdi.model.Author@9e5d9d0f]}","1.0","{1999}","1.0","{[, Fiction, , Historical, , Historical Fiction, , American History, , American Civil War, , Military History, , Civil War, ]}",,
"goodreads_53995+recommendation_264764","1.0","1.0","{58}","1.0","{The Tale of Mrs. Tittlemouse|The Tale of Mrs. Tittlemouse}","1.0","{3}","1.0","{Frederick Warne}","1.0","{[de.unimannheim.wdi.model.Author@2cc0ea20]|[de.unimannheim.wdi.model.Author@2cc0ea20]}","1.0","{1985}","1.0","{[, Childrens, , Classics, , Childrens, , Picture Books, , Fiction, ]}",,
"goodreads_14660+recommendation_20083+recommendation_241910","1.0","1.0","{512}","1.0","{A Darker Place|A Darker Place|A Darker Place}","1.0","{3}","1.0","{Bantam Books|Bantam Books}","1.0","{[de.unimannheim.wdi.model.Author@2eeed4c8]|[de.unimannheim.wdi.model.Author@2eeed4c8]|[de.unimannheim.wdi.model.Author@2eeed4c8]}","1.0","{1999|1999}","1.0","{[, Mystery, , Fiction, , Thriller, , Thriller, , Mystery Thriller, ]}",,
"goodreads_107+goodreads_49777+recommendation_256454+recommendation_53189+recommendation_7611+recommendation_91625+recommendation_97902","0.7714285714285715","0.0","{505|499|443|286|642|512|490}","1.0","{Great Expectations|Great Expectations|Great Expectations|Great Expectations|Great Expectations|Great Expectations|Great Expectations|Great Expectations|Great Expectations|Great Expectations|Great Expectations|Great Expectations|Great Expectations|Great Expectations|Great Expectations|Great Expectations|Great Expectations|Great Expectations|Great Expectations|Great Expectations|Great Expectations|Great Expectations|Great Expectations}","0.8571428571428571","{3|3|3|3|3|3|4}",,,"1.0","{[de.unimannheim.wdi.model.Author@a19a30e0]|[de.unimannheim.wdi.model.Author@a19a30e0]|[de.unimannheim.wdi.model.Author@a19a30e0]|[de.unimannheim.wdi.model.Author@a19a30e0]|[de.unimannheim.wdi.model.Author@a19a30e0]|[de.unimannheim.wdi.model.Author@a19a30e0]|[de.unimannheim.wdi.model.Author@a19a30e0]|[de.unimannheim.wdi.model.Author@a19a30e0]|[de.unimannheim.wdi.model.Author@a19a30e0]|[de.unimannheim.wdi.model.Author@a19a30e0]|[de.unimannheim.wdi.model.Author@a19a30e0]|[de.unimannheim.wdi.model.Author@a19a30e0]|[de.unimannheim.wdi.model.Author@a19a30e0]|[de.unimannheim.wdi.model.Author@a19a30e0]|[de.unimannheim.wdi.model.Author@a19a30e0]|[de.unimannheim.wdi.model.Author@a19a30e0]|[de.unimannheim.wdi.model.Author@a19a30e0]|[de.unimannheim.wdi.model.Author@a19a30e0]|[de.unimannheim.wdi.model.Author@a19a30e0]|[de.unimannheim.wdi.model.Author@a19a30e0]|[de.unimannheim.wdi.model.Author@a19a30e0]|[de.unimannheim.wdi.model.Author@a19a30e0]|[de.unimannheim.wdi.model.Author@a19a30e0]}",,,"1.0","{[, Classics, , Fiction, , Literature, , Historical, , Historical Fiction, ]|[, Classics, , Fiction, , Literature, , Historical, , Historical Fiction, ]|[, Classics, , Fiction, , Literature, , Historical, , Historical Fiction, ]|[, Classics, , Fiction, , Literature, , Historical, , Historical Fiction, ]}",,
"goodreads_284+goodreads_32380+goodreads_33520+goodreads_33701+kindle_1825+recommendation_1208+recommendation_153702+recommendation_15448+recommendation_28481+recommendation_62812","0.5714285714285714","0.0","{380|370}","1.0","{Neverwhere|Neverwhere|Neverwhere|Neverwhere}","1.0","{4|4}","0.0","{Highbridge Audio|J'ai lu}","1.0","{[de.unimannheim.wdi.model.Author@7d305210]|[de.unimannheim.wdi.model.Author@7d305210]|[de.unimannheim.wdi.model.Author@7d305210]|[de.unimannheim.wdi.model.Author@7d305210]}","0.0","{1997|2001}","1.0","{[, Fantasy, , Fiction, , Fantasy, , Urban Fantasy, , Science Fiction Fantasy, ]|[, Fantasy, , Fiction, , Fantasy, , Urban Fantasy, , Science Fiction Fantasy, ]}",,
"goodreads_26479+goodreads_45224+goodreads_881+recommendation_249310+recommendation_3766+recommendation_38746","0.6428571428571429","0.0","{226|218|224}","1.0","{Childhood's End|Childhood's End|Childhood's End|Childhood's End|Childhood's End|Childhood's End}","1.0","{4|4|4}","0.6666666666666666","{Sagebrush Bound|Del Rey Books|Del Rey Books}","0.8333333333333334","{[de.unimannheim.wdi.model.Author@7049ec2a]|[de.unimannheim.wdi.model.Author@7049ec2a]|[de.unimannheim.wdi.model.Author@7049ec2a]|[de.unimannheim.wdi.model.Author@7049ec2a]|[de.unimannheim.wdi.model.Author@7049ec2a]|[de.unimannheim.wdi.model.Author@7930ae2d]}","0.0","{1999|1987|1983}","1.0","{[, Science Fiction, , Fiction, , Classics, ]|[, Science Fiction, , Fiction, , Classics, ]|[, Science Fiction, , Fiction, , Classics, ]}",,
"goodreads_1432+recommendation_6204","1.0","1.0","{206}","1.0","{The Daughter of Time|The Daughter of Time}","1.0","{3}","1.0","{Simon &amp; Schuster}","1.0","{[de.unimannheim.wdi.model.Author@10c9ca58]|[de.unimannheim.wdi.model.Author@10c9ca58]}","1.0","{1988}","1.0","{[, Mystery, , Historical, , Historical Fiction, , Fiction, , Historical, , Mystery, , Crime, ]}",,
"goodreads_137+goodreads_31215+goodreads_43930+goodreads_49452+kindle_9732+recommendation_3725+recommendation_66211","0.8333333333333333",,,,,,,"0.6666666666666666","{Yearling|Yearling|Bloomsbury Pub Ltd}",,,,,,,"1.0","{4}"
"goodreads_799+recommendation_192231+recommendation_21684+recommendation_247076+recommendation_29497+recommendation_4181","0.8571428571428571","1.0","{224}","1.0","{The Bridges of Madison County|The Bridges of Madison County|The Bridges of Madison County|The Bridges of Madison County|The Bridges of Madison County|The Bridges of Madison County}","1.0","{3}","0.6","{Warner Books|Warner Books|Sagebrush Bound|Mandarin|Warner Books}","1.0","{[de.unimannheim.wdi.model.Author@2f31ac70]|[de.unimannheim.wdi.model.Author@2f31ac70]|[de.unimannheim.wdi.model.Author@2f31ac70]|[de.unimannheim.wdi.model.Author@2f31ac70]|[de.unimannheim.wdi.model.Author@2f31ac70]|[de.unimannheim.wdi.model.Author@2f31ac70]}","0.4","{1992|1995|1999|1995|1992}","1.0","{[, Fiction, , Romance, , Classics, , Womens Fiction, , Chick Lit, ]}",,
"goodreads_11971+recommendation_10091","1.0","1.0","{32}","1.0","{Click, Clack, Moo: Cows That Type|Click, Clack, Moo: Cows That Type}","1.0","{4}","1.0","{Simon &amp; Schuster Children's Publishing}","1.0","{[de.unimannheim.wdi.model.Author@96fd6d6b]|[de.unimannheim.wdi.model.Author@96fd6d6b]}","1.0","{2000}","1.0","{[, Childrens, , Picture Books, , Childrens, , Animals, ]}",,
"goodreads_46629+recommendation_101955+recommendation_138966+recommendation_14256+recommendation_178379+recommendation_65810","0.1111111111111111",,,,,,,"0.0","{Scholastic Paperbacks (Mm)|Fawcett Books|Signet Book|Schocken Books|Dh Audio|Pages Publishing Group|Berkley Publishing Group|Longman Group United Kingdom|Buccaneer Books Inc}",,,"0.2222222222222222","{1987|1989|1993|1975|1992|1994|1993|1976|1980}",,,,
"goodreads_53638+recommendation_24974","1.0","1.0","{544}","1.0","{The Dream Merchants|The Dream Merchants}","1.0","{3}","1.0","{Pocket Books}","1.0","{[de.unimannheim.wdi.model.Author@8ce40e7e]|[de.unimannheim.wdi.model.Author@8ce40e7e]}","1.0","{1993}","1.0","{[, Fiction, , Romance, ]}",,
"goodreads_8398+recommendation_93875","1.0","1.0","{190}","1.0","{Ramona Quimby, Age 8|Ramona Quimby, Age 8}","1.0","{4}","1.0","{HarperCollins}","1.0","{[de.unimannheim.wdi.model.Author@233b1d9e]|[de.unimannheim.wdi.model.Author@233b1d9e]}","1.0","{1981}","1.0","{[, Childrens, , Fiction, ]}",,
"goodreads_45688+recommendation_142437","1.0","1.0","{384}","1.0","{Summer's Storm|Summer's Storm}","1.0","{3}","1.0","{Topaz}","1.0","{[de.unimannheim.wdi.model.Author@81a5fc43]|[de.unimannheim.wdi.model.Author@81a5fc43]}","1.0","{1994}","1.0","{[, Romance, , Historical Romance, , Romance, , Historical, , Medieval, , Historical, , Historical, , Historical Fiction, ]}",,
"goodreads_10338+goodreads_144+goodreads_19044+goodreads_26345+goodreads_49901+recommendation_172969+recommendation_175979+recommendation_193545","0.8095238095238094","0.0","{185|207}","1.0","{Peter Pan|Peter Pan|Peter Pan}","1.0","{4|4}","1.0","{Alianza}","0.6666666666666666","{[de.unimannheim.wdi.model.Author@454d2735]|[de.unimannheim.wdi.model.Author@454d2735]|[de.unimannheim.wdi.model.Author@d99f37dd]}","1.0","{2003}","1.0","{[, Classics, , Fantasy, , Fiction, , Childrens, ]|[, Classics, , Fantasy, , Fiction, , Childrens, ]}",,
"goodreads_3382+recommendation_233398","1.0","1.0","{775}","1.0","{A Deepness in the Sky|A Deepness in the Sky}","1.0","{4}","1.0","{Tor Books}","1.0","{[de.unimannheim.wdi.model.Author@a6b55c06]|[de.unimannheim.wdi.model.Author@a6b55c06]}","1.0","{1999}","1.0","{[, Science Fiction, , Fiction, , Space, , Space Opera, ]}",,
"goodreads_23816+goodreads_401+recommendation_16674+recommendation_180128+recommendation_33224+recommendation_84677+recommendation_8813","0.8214285714285714","1.0","{195}","1.0","{The BFG|The BFG|The BFG|The BFG|The BFG}","1.0","{4}","0.0","{Puffin Books|Scholastic|Farrar, Straus and Giroux (BYR)|Scholastic Inc.}","1.0","{[de.unimannheim.wdi.model.Author@e32d4e04]|[de.unimannheim.wdi.model.Author@e32d4e04]|[de.unimannheim.wdi.model.Author@e32d4e04]|[de.unimannheim.wdi.model.Author@e32d4e04]|[de.unimannheim.wdi.model.Author@e32d4e04]}","0.75","{1998|1982|1982|1982}","1.0","{[, Childrens, , Fantasy, , Fiction, ]}",,
"goodreads_45080+recommendation_249939","1.0",,,"1.0","{Apple Bough|Apple Bough}","1.0","{3}","1.0","{HarperCollins Publishers}","1.0","{[de.unimannheim.wdi.model.Author@33497582]|[de.unimannheim.wdi.model.Author@33497582]}","1.0","{1990}","1.0","{[, Childrens, , Fiction, , Childrens, , Middle Grade, ]}",,
"goodreads_38252+recommendation_147389","0.8571428571428571","1.0","{96}","1.0","{The Aristocats|The Aristocats}","1.0","{4}","1.0","{Mouse Works}","0.0","{[de.unimannheim.wdi.model.Author@286e3abe]|[de.unimannheim.wdi.model.Author@4118441b]}","1.0","{1988}","1.0","{[, Childrens, , Childrens, , Picture Books, ]}",,
"goodreads_41279+recommendation_36784","1.0","1.0","{160}","1.0","{The 21 Indispensable Qualities of a Leader: Becoming the Person Others Will Want to Follow|The 21 Indispensable Qualities of a Leader: Becoming the Person Others Will Want to Follow}","1.0","{4}","1.0","{Nelson Books}","1.0","{[de.unimannheim.wdi.model.Author@ddffe371]|[de.unimannheim.wdi.model.Author@ddffe371]}","1.0","{1999}","1.0","{[, Business, , Leadership, , Nonfiction, , Self Help, , Self Help, , Personal Development, ]}",,
"goodreads_367+recommendation_150690+recommendation_73501","0.619047619047619","0.0","{560|544}","1.0","{Mansfield Park|Mansfield Park|Mansfield Park|Mansfield Park|Mansfield Park|Mansfield Park|Mansfield Park|Mansfield Park}","1.0","{3|3}","0.0","{Dover Publications|Trident Press International|New Amer Library Classics|Bantam|Penguin Books Ltd|Editions 10/18}","1.0","{[de.unimannheim.wdi.model.Author@5d871c4f]|[de.unimannheim.wdi.model.Author@5d871c4f]|[de.unimannheim.wdi.model.Author@5d871c4f]|[de.unimannheim.wdi.model.Author@5d871c4f]|[de.unimannheim.wdi.model.Author@5d871c4f]|[de.unimannheim.wdi.model.Author@5d871c4f]|[de.unimannheim.wdi.model.Author@5d871c4f]|[de.unimannheim.wdi.model.Author@5d871c4f]}","0.3333333333333333","{2001|2001|1964|1983|1983|1996}","1.0","{[, Classics, , Fiction, , Romance, ]|[, Classics, , Fiction, , Romance, ]}",,
"goodreads_47+kindle_24875+kindle_9723+recommendation_103918+recommendation_245675+recommendation_259510+recommendation_268124+recommendation_45138+recommendation_63208","0.7083333333333333","0.6666666666666666","{327|466|466}","1.0","{The Adventures of Huckleberry Finn|The Adventures of Huckleberry Finn|The Adventures of Huckleberry Finn|The Adventures of Huckleberry Finn|The Adventures of Huckleberry Finn|The Adventures of Huckleberry Finn|The Adventures of Huckleberry Finn|The Adventures of Huckleberry Finn|The Adventures of Huckleberry Finn}","0.6666666666666666","{3|4|4}","0.0","{Waxkeep Publishing|KMW Publishing|Nelson Thornes|JNMedia|Scholastic|Dorset Pr|Barnes &amp; Noble|Tor Books}","1.0","{[de.unimannheim.wdi.model.Author@41f830ef]|[de.unimannheim.wdi.model.Author@41f830ef]|[de.unimannheim.wdi.model.Author@41f830ef]|[de.unimannheim.wdi.model.Author@41f830ef]|[de.unimannheim.wdi.model.Author@41f830ef]|[de.unimannheim.wdi.model.Author@41f830ef]|[de.unimannheim.wdi.model.Author@41f830ef]|[de.unimannheim.wdi.model.Author@41f830ef]|[de.unimannheim.wdi.model.Author@41f830ef]}","0.3333333333333333","{1983|1999|1983|1993|1994|1996}","1.0","{[, Classics, , Fiction, , Historical, , Historical Fiction, , Literature, , Young Adult, ]}","1.0","{0|0}"
"goodreads_39354+recommendation_184788","1.0","1.0","{336}","1.0","{Bury Me Standing: The Gypsies and Their Journey|Bury Me Standing: The Gypsies and Their Journey}","1.0","{3}","1.0","{Alfred A. Knopf}","1.0","{[de.unimannheim.wdi.model.Author@9b969b26]|[de.unimannheim.wdi.model.Author@9b969b26]}","1.0","{1995}","1.0","{[, Nonfiction, , History, , Anthropology, , Travel, , Sociology, ]}",,
"goodreads_22873+recommendation_122836+recommendation_171344+recommendation_224278+recommendation_77440","0.8928571428571429","1.0","{448}","1.0","{Dear Emily|Dear Emily|Dear Emily|Dear Emily|Dear Emily}","1.0","{3}","0.75","{Zebra Books|Zebra Books|Kensington Books|Zebra Books}","1.0","{[de.unimannheim.wdi.model.Author@aeddda90]|[de.unimannheim.wdi.model.Author@aeddda90]|[de.unimannheim.wdi.model.Author@aeddda90]|[de.unimannheim.wdi.model.Author@aeddda90]|[de.unimannheim.wdi.model.Author@aeddda90]}","0.5","{1995|2002|2003|1995}","1.0","{[, Romance, ]}",,
"goodreads_21718+goodreads_39737+goodreads_41909+goodreads_51876+recommendation_103888+recommendation_245154+recommendation_259819","0.7142857142857143","1.0","{64}","1.0","{A Christmas Carol|A Christmas Carol}","1.0","{4}","0.0","{Holt Rinehart and Winston|Pocket Books}","1.0","{[de.unimannheim.wdi.model.Author@a19a30e0]|[de.unimannheim.wdi.model.Author@a19a30e0]}","0.0","{1997|1981}","1.0","{[, Classics, , Fiction, , Holiday, , Christmas, , Fantasy, ]}",,
"goodreads_1768+recommendation_9398","1.0","1.0","{427}","1.0","{The Birth of Venus|The Birth of Venus}","1.0","{3}","1.0","{Random House}","1.0","{[de.unimannheim.wdi.model.Author@2ad22dde]|[de.unimannheim.wdi.model.Author@2ad22dde]}","1.0","{2004}","1.0","{[, Historical, , Historical Fiction, , Fiction, , Historical, , Cultural, , Italy, , Art, ]}",,
"goodreads_21+goodreads_28544+goodreads_32447+goodreads_33762+goodreads_39134+goodreads_39207+goodreads_51867+goodreads_51985+goodreads_52973+goodreads_6679+kindle_25194+recommendation_144264+recommendation_158829+recommendation_166635+recommendation_204623+recommendation_226891+recommendation_242878+recommendation_248931+recommendation_27650+recommendation_28494+recommendation_3324+recommendation_40043+recommendation_41258+recommendation_58232+recommendation_69676+recommendation_72292+recommendation_84626+recommendation_84832+recommendation_9546","0.5",,,,,,,"0.0","{Joe Books|Random House Value Publishing|Universal Sales Marketing|Pocket|Signet Book|Addison-Wesley Pub Co|New Millenium Audio|Ediciones Catedra S.A.|Dorset Press|Barnes Noble Classics|New Amer Library Classics|Juventud|Bantam Books|J m Dent &amp; Sons Ltd|Puffin Books|LGF|Tor Books|Wildside Press|Signet Classics}",,,,,,,"1.0","{0}"
"goodreads_29938+kindle_4296+recommendation_156595+recommendation_19087+recommendation_20834","0.5625","0.0","{576|578}","1.0","{Eyes of a Child|Eyes of a Child|Eyes of a Child|Eyes of a Child|Eyes of a Child}","0.0","{3|4}","0.5","{St. Martin's Paperbacks; Reprint edition|Ballantine Books|Random House Inc|Ballantine Books}","1.0","{[de.unimannheim.wdi.model.Author@9370c46f]|[de.unimannheim.wdi.model.Author@9370c46f]|[de.unimannheim.wdi.model.Author@9370c46f]|[de.unimannheim.wdi.model.Author@9370c46f]|[de.unimannheim.wdi.model.Author@9370c46f]}","0.0","{1997|1994|1996}","1.0","{[, Fiction, , Mystery, , Thriller, , Thriller, , Legal Thriller, ]}","1.0","{8}"
"goodreads_47347+goodreads_8126+recommendation_153168+recommendation_20623+recommendation_43407","0.8571428571428571","1.0","{272}","1.0","{Ozma of Oz|Ozma of Oz}","1.0","{3}","1.0","{Troll Communications Llc}","0.0","{[de.unimannheim.wdi.model.Author@6faec6c2]|[de.unimannheim.wdi.model.Author@a0b2a6]}","1.0","{1987}","1.0","{[, Fantasy, , Classics, , Childrens, , Fiction, , Young Adult, ]}",,
"goodreads_45135+recommendation_142326+recommendation_38232+recommendation_72818+recommendation_89083","0.7571428571428571","1.0","{175}","1.0","{Crazy|Crazy|Crazy|Crazy|Crazy}","1.0","{2}","0.0","{Knopf|Kiepenheuer &amp; Witsch GmbH &amp; Co. KG, Verlag|Vintage Books USA|Distribooks Inc}","0.8","{[de.unimannheim.wdi.model.Author@f7e1fced]|[de.unimannheim.wdi.model.Author@49495ced]|[de.unimannheim.wdi.model.Author@f7e1fced]|[de.unimannheim.wdi.model.Author@f7e1fced]|[de.unimannheim.wdi.model.Author@f7e1fced]}","0.5","{2000|2000|2001|2002}","1.0","{[, Young Adult, , Fiction, , European Literature, , German Literature, , Contemporary, , Academic, , School, ]}",,
"goodreads_44374+recommendation_18746","1.0","1.0","{236}","1.0","{Timepiece|Timepiece}","1.0","{4}","1.0","{Pocket}","1.0","{[de.unimannheim.wdi.model.Author@bcda21c5]|[de.unimannheim.wdi.model.Author@bcda21c5]}","1.0","{1997}","1.0","{[, Holiday, , Christmas, , Fiction, , Christian Fiction, , Inspirational, , Adult Fiction, ]}",,
"goodreads_45895+recommendation_27395+recommendation_5586","0.6666666666666666","1.0","{366}","1.0","{Polar Star|Polar Star|Polar Star}","1.0","{4}","0.0","{Ballantine Books|Random House Inc}","0.6666666666666666","{[de.unimannheim.wdi.model.Author@b6ee36fb]|[de.unimannheim.wdi.model.Author@256c96fb]|[de.unimannheim.wdi.model.Author@b6ee36fb]}","0.0","{1990|1989}","1.0","{[, Fiction, , Mystery, , Thriller, , Cultural, , Russia, , Mystery, , Crime, ]}",,
"goodreads_38795+recommendation_174025","1.0","1.0","{669}","1.0","{Structured Computer Organization|Structured Computer Organization}","1.0","{3}","1.0","{Prentice Hall}","1.0","{[de.unimannheim.wdi.model.Author@1f74502e]|[de.unimannheim.wdi.model.Author@1f74502e]}","1.0","{1990}","1.0","{[, Science, , Computer Science, , Nonfiction, , Computer Science, , Programming, , Computer Science, , Computers, , Reference, , Textbooks, ]}",,
"goodreads_53225+kindle_48732+recommendation_131517","0.75","0.0","{366|384}","1.0","{The Punch: One Night, Two Lives, and the Fight That Changed Basketball Forever|The Punch: One Night, Two Lives, and the Fight That Changed Basketball Forever|The Punch: One Night, Two Lives, and the Fight That Changed Basketball Forever}","1.0","{3|3}","0.0","{Little, Brown and Company; 1st edition|Little, Brown}","1.0","{[de.unimannheim.wdi.model.Author@53c57def]|[de.unimannheim.wdi.model.Author@53c57def]|[de.unimannheim.wdi.model.Author@53c57def]}","1.0","{2002}","1.0","{[, Sports and Games, , Sports, , Nonfiction, , Sports, , Basketball, , Biography, , History, ]}","1.0","{8}"
"goodreads_1193+goodreads_29737+recommendation_13654+recommendation_78015+recommendation_9625","0.7142857142857143","1.0","{501}","1.0","{If Tomorrow Comes|If Tomorrow Comes|If Tomorrow Comes|If Tomorrow Comes|If Tomorrow Comes}","1.0","{4|4}","0.0","{Warner Books|William Morrow &amp; Company|Warner Books> C/o Little Br}","1.0","{[de.unimannheim.wdi.model.Author@59a6401a]|[de.unimannheim.wdi.model.Author@59a6401a]|[de.unimannheim.wdi.model.Author@59a6401a]|[de.unimannheim.wdi.model.Author@59a6401a]|[de.unimannheim.wdi.model.Author@59a6401a]}","0.0","{1988|1985|1986}","1.0","{[, Fiction, , Thriller, , Mystery, , Romance, , Suspense, ]|[, Fiction, , Thriller, , Mystery, , Romance, , Suspense, ]}",,
"goodreads_28629+recommendation_234321+recommendation_77359","0.6666666666666666","1.0","{268}","1.0","{Brother to a Dragonfly|Brother to a Dragonfly|Brother to a Dragonfly}","1.0","{4}","0.0","{Continuum International Publishing Group|Seabury Press}","0.6666666666666666","{[de.unimannheim.wdi.model.Author@58a0ef0b]|[de.unimannheim.wdi.model.Author@58a0ef0b]|[de.unimannheim.wdi.model.Author@feb608d]}","0.0","{2000|0}","1.0","{[, Autobiography, , Memoir, , Biography, , Nonfiction, , History, , American, , Southern, ]}",,
"goodreads_7118+recommendation_1861+recommendation_239935+recommendation_6622","0.8214285714285714","1.0","{399}","1.0","{Rising Sun|Rising Sun|Rising Sun|Rising Sun}","1.0","{3}","0.0","{Ballantine Books|Random House Trade|Alfred A. Knopf}","0.75","{[de.unimannheim.wdi.model.Author@a937cf6c]|[de.unimannheim.wdi.model.Author@7082e74c]|[de.unimannheim.wdi.model.Author@a937cf6c]|[de.unimannheim.wdi.model.Author@a937cf6c]}","1.0","{1992|1992|1992}","1.0","{[, Fiction, , Thriller, , Mystery, , Suspense, , Mystery, , Crime, ]}",,
"goodreads_7519+recommendation_103025+recommendation_39160","0.6666666666666666","1.0","{160}","1.0","{Peace Is Every Step: The Path of Mindfulness in Everyday Life|Peace Is Every Step: The Path of Mindfulness in Everyday Life|Peace Is Every Step: The Path of Mindfulness in Everyday Life}","1.0","{4}","0.0","{Bantam Books|Random House}","0.6666666666666666","{[de.unimannheim.wdi.model.Author@4507f43f]|[de.unimannheim.wdi.model.Author@4507f43f]|[de.unimannheim.wdi.model.Author@4507f38b]}","0.0","{1991|1992}","1.0","{[, Nonfiction, , Spirituality, , Religion, , Buddhism, , Philosophy, , Self Help, ]}",,
"goodreads_19112+goodreads_33523+goodreads_38559+goodreads_413+recommendation_145581","0.9285714285714286","0.5","{399|390|384|399}","1.0","{American Psycho|American Psycho|American Psycho|American Psycho|American Psycho}","1.0","{3|3|3|3}","1.0","{Ediciones B}","1.0","{[de.unimannheim.wdi.model.Author@44e49b8b]|[de.unimannheim.wdi.model.Author@44e49b8b]|[de.unimannheim.wdi.model.Author@44e49b8b]|[de.unimannheim.wdi.model.Author@44e49b8b]|[de.unimannheim.wdi.model.Author@44e49b8b]}","1.0","{1991}","1.0","{[, Fiction, , Horror, , Classics, , Thriller, , Mystery, , Crime, ]|[, Fiction, , Horror, , Classics, , Thriller, , Mystery, , Crime, ]|[, Fiction, , Horror, , Classics, , Thriller, , Mystery, , Crime, ]|[, Fiction, , Horror, , Classics, , Thriller, , Mystery, , Crime, ]}",,
"goodreads_30159+kindle_715+recommendation_16014+recommendation_213245+recommendation_65626","0.8020833333333333","0.0","{142|145}","1.0","{Dumbing Us Down: The Hidden Curriculum of Compulsory Schooling|Dumbing Us Down: The Hidden Curriculum of Compulsory Schooling|Dumbing Us Down: The Hidden Curriculum of Compulsory Schooling|Dumbing Us Down: The Hidden Curriculum of Compulsory Schooling|Dumbing Us Down: The Hidden Curriculum of Compulsory Schooling}","1.0","{4|4}","0.75","{New Society Publishers; 2nd edition|New Society Publishers|New Society Publishers|New Society Publishers}","1.0","{[de.unimannheim.wdi.model.Author@468b918c]|[de.unimannheim.wdi.model.Author@468b918c]|[de.unimannheim.wdi.model.Author@468b918c]|[de.unimannheim.wdi.model.Author@468b918c]|[de.unimannheim.wdi.model.Author@468b918c]}","0.6666666666666666","{2002|1991|1991}","1.0","{[, Education, , Nonfiction, , Parenting, , Teaching, ]}","1.0","{9}"
"goodreads_18785+goodreads_19515+goodreads_21631+goodreads_23861+goodreads_29713+goodreads_39117+goodreads_50213+goodreads_57+recommendation_120291+recommendation_233008+recommendation_256878+recommendation_263034+recommendation_28450+recommendation_49211+recommendation_52339+recommendation_85748+recommendation_90239+recommendation_95143","0.7555555555555555","0.0","{392|361|317|384|501|416|318|417}","1.0","{Lolita|Lolita|Lolita|Lolita|Lolita|Lolita|Lolita|Lolita|Lolita|Lolita|Lolita|Lolita|Lolita|Lolita|Lolita|Lolita|Lolita|Lolita}","1.0","{3|3|3|3|3|3|3|3}",,,"0.7777777777777778","{[de.unimannheim.wdi.model.Author@fb09e277]|[de.unimannheim.wdi.model.Author@fb09e277]|[de.unimannheim.wdi.model.Author@fb09e277]|[de.unimannheim.wdi.model.Author@fb09e277]|[de.unimannheim.wdi.model.Author@fb09e277]|[de.unimannheim.wdi.model.Author@fb09e277]|[de.unimannheim.wdi.model.Author@fb09e277]|[de.unimannheim.wdi.model.Author@fb09e277]|[de.unimannheim.wdi.model.Author@fb09e277]|[de.unimannheim.wdi.model.Author@fb09e277]|[de.unimannheim.wdi.model.Author@fb09e277]|[de.unimannheim.wdi.model.Author@4995a398]|[de.unimannheim.wdi.model.Author@4995a398]|[de.unimannheim.wdi.model.Author@4995a398]|[de.unimannheim.wdi.model.Author@fb09e277]|[de.unimannheim.wdi.model.Author@fb09e277]|[de.unimannheim.wdi.model.Author@fb09e277]|[de.unimannheim.wdi.model.Author@4995a398]}",,,"1.0","{[, Classics, , Fiction, , Literature, ]|[, Classics, , Fiction, , Literature, ]|[, Classics, , Fiction, , Literature, ]|[, Classics, , Fiction, , Literature, ]|[, Classics, , Fiction, , Literature, ]|[, Classics, , Fiction, , Literature, ]|[, Classics, , Fiction, , Literature, ]|[, Classics, , Fiction, , Literature, ]}",,
"goodreads_2291+recommendation_18891+recommendation_19061+recommendation_4541+recommendation_67787","0.8571428571428571","1.0","{320}","1.0","{Mrs. Mike|Mrs. Mike|Mrs. Mike|Mrs. Mike|Mrs. Mike}","1.0","{4}","1.0","{Berkley Publishing Group|Berkley Publishing Group|Berkley Publishing Group|Berkley Publishing Group}","1.0","{[de.unimannheim.wdi.model.Author@4ca21931]|[de.unimannheim.wdi.model.Author@4ca21931]|[de.unimannheim.wdi.model.Author@4ca21931]|[de.unimannheim.wdi.model.Author@4ca21931]|[de.unimannheim.wdi.model.Author@4ca21931]}","0.0","{1986|1994|2002|1984}","1.0","{[, Historical, , Historical Fiction, , Romance, , Cultural, , Canada, , Historical, , Classics, , Young Adult, ]}",,
"goodreads_4521+recommendation_166610+recommendation_65797+recommendation_74336","0.6785714285714286","1.0","{693}","1.0","{The Stories of John Cheever|The Stories of John Cheever|The Stories of John Cheever|The Stories of John Cheever}","1.0","{4}","0.0","{Vintage Books USA|Ballantine Books|Knopf}","0.75","{[de.unimannheim.wdi.model.Author@475f0bc8]|[de.unimannheim.wdi.model.Author@475f0bc8]|[de.unimannheim.wdi.model.Author@475f0bc8]|[de.unimannheim.wdi.model.Author@609fa3a8]}","0.0","{2000|1988|1978}","1.0","{[, Short Stories, , Fiction, , Classics, , Literature, ]}",,
"goodreads_2572+recommendation_40759+recommendation_7463+recommendation_79896+recommendation_94970","0.7142857142857143","1.0","{313}","1.0","{The Book of Laughter and Forgetting|The Book of Laughter and Forgetting|The Book of Laughter and Forgetting|The Book of Laughter and Forgetting|The Book of Laughter and Forgetting}","1.0","{4}","0.0","{Harpercollins|Perennial|HarperCollins|Penguin USA}","1.0","{[de.unimannheim.wdi.model.Author@4479d1f0]|[de.unimannheim.wdi.model.Author@4479d1f0]|[de.unimannheim.wdi.model.Author@4479d1f0]|[de.unimannheim.wdi.model.Author@4479d1f0]|[de.unimannheim.wdi.model.Author@4479d1f0]}","0.0","{1996|1999|1994|1989}","1.0","{[, Fiction, , European Literature, , Czech Literature, , Literature, , Novels, , Classics, , Philosophy, ]}",,
"goodreads_138+goodreads_31351+goodreads_34547+goodreads_37128+goodreads_6302+goodreads_83+kindle_27181+recommendation_10644+recommendation_113267+recommendation_113867+recommendation_115571+recommendation_130084+recommendation_151581+recommendation_238053+recommendation_36369+recommendation_88841","0.8571428571428571","1.0","{604}","1.0","{Dune|Dune|Dune|Dune|Dune}","1.0","{4}","1.0","{Berkley Publishing Group|Berkley Publishing Group|Berkley Publishing Group}","1.0","{[de.unimannheim.wdi.model.Author@8f7471ab]|[de.unimannheim.wdi.model.Author@8f7471ab]|[de.unimannheim.wdi.model.Author@8f7471ab]|[de.unimannheim.wdi.model.Author@8f7471ab]|[de.unimannheim.wdi.model.Author@8f7471ab]}","0.0","{1984|1982|1980}","1.0","{[, Science Fiction, , Fiction, , Fantasy, , Classics, ]}",,
"goodreads_37274+goodreads_3827+recommendation_12576+recommendation_161279+recommendation_3489","0.76","0.0","{174|192}","1.0","{Sula|Sula|Sula|Sula|Sula}","1.0","{3|3}",,,"0.8","{[de.unimannheim.wdi.model.Author@45858274]|[de.unimannheim.wdi.model.Author@45858274]|[de.unimannheim.wdi.model.Author@5457e674]|[de.unimannheim.wdi.model.Author@45858274]|[de.unimannheim.wdi.model.Author@45858274]}",,,"1.0","{[, Fiction, , Classics, , Cultural, , African American, , Historical, , Historical Fiction, , Literature, ]|[, Fiction, , Classics, , Cultural, , African American, , Historical, , Historical Fiction, , Literature, ]}",,
"goodreads_29648+recommendation_199878+recommendation_251815","0.6666666666666666",,,"1.0","{Christ in Concrete|Christ in Concrete|Christ in Concrete}","1.0","{3}","0.0","{Signet Book|Bobbs-Merrill Co}","1.0","{[de.unimannheim.wdi.model.Author@229034f8]|[de.unimannheim.wdi.model.Author@229034f8]|[de.unimannheim.wdi.model.Author@229034f8]}","0.0","{1993|1975}","1.0","{[, Fiction, , Classics, , Historical, , Historical Fiction, , Literature, , Cultural, , Italy, ]}",,
"goodreads_26529+goodreads_33536+goodreads_751+recommendation_27495+recommendation_53303","0.5714285714285714","0.0","{187|255|250}","1.0","{The Restaurant at the End of the Universe|The Restaurant at the End of the Universe|The Restaurant at the End of the Universe|The Restaurant at the End of the Universe|The Restaurant at the End of the Universe}","1.0","{4|4|4}","0.0","{Pocket|Harmony Books}","1.0","{[de.unimannheim.wdi.model.Author@ede211e4]|[de.unimannheim.wdi.model.Author@ede211e4]|[de.unimannheim.wdi.model.Author@ede211e4]|[de.unimannheim.wdi.model.Author@ede211e4]|[de.unimannheim.wdi.model.Author@ede211e4]}","0.0","{1983|1982}","1.0","{[, Science Fiction, , Fiction, , Humor, , Fantasy, ]|[, Science Fiction, , Fiction, , Humor, , Fantasy, ]|[, Science Fiction, , Fiction, , Humor, , Fantasy, ]}",,
"goodreads_2579+goodreads_38014+recommendation_10076","0.7142857142857143","0.0","{377|384}","1.0","{Men at Arms|Men at Arms|Men at Arms}","1.0","{4|4}","1.0","{HarperTorch}","1.0","{[de.unimannheim.wdi.model.Author@93b5c272]|[de.unimannheim.wdi.model.Author@93b5c272]|[de.unimannheim.wdi.model.Author@93b5c272]}","1.0","{1997}","0.0","{[, Fantasy, , Fiction, , Humor, , Humor, , Comedy, , Science Fiction Fantasy, , Humor, , Funny, , Mystery, , Audiobook, , Science Fiction, , European Literature, , British Literature, ]|[, Fantasy, , Fiction, , Humor, ]}",,
"goodreads_15379+kindle_2817+recommendation_115201+recommendation_177319+recommendation_202877+recommendation_21410+recommendation_229810","0.7166666666666667","0.0","{480|484}","1.0","{Blood Work|Blood Work|Blood Work|Blood Work|Blood Work|Blood Work|Blood Work}","1.0","{4|4}","0.3333333333333333","{Little, Brown and Company; 1st edition|Warner Books|Orion|Sagebrush Bound|Warner Books|Orion}","1.0","{[de.unimannheim.wdi.model.Author@13a6dfd8]|[de.unimannheim.wdi.model.Author@13a6dfd8]|[de.unimannheim.wdi.model.Author@13a6dfd8]|[de.unimannheim.wdi.model.Author@13a6dfd8]|[de.unimannheim.wdi.model.Author@13a6dfd8]|[de.unimannheim.wdi.model.Author@13a6dfd8]|[de.unimannheim.wdi.model.Author@13a6dfd8]}","0.4","{2002|0|2000|1998|0}","1.0","{[, Mystery, , Mystery, , Crime, , Fiction, , Thriller, ]}","1.0","{6}"
"goodreads_23861+goodreads_29713+goodreads_39117+goodreads_57+recommendation_120291+recommendation_256878+recommendation_28450+recommendation_52339+recommendation_95143","0.25",,,,,,,"0.2","{Trafalgar Square|Anagrama|Berkley Publishing Group|HarperCollins Publishers|Gallimard|Berkley Pub Group (Mm)|Penguin Putnam~trade|Berkley Publishing Group|Folio|Anagrama}",,,"0.3","{0|1986|1980|1992|2001|1986|0|1983|0|1991}",,,,
"goodreads_50886+recommendation_210325+recommendation_97862","0.7142857142857143","1.0","{544}","1.0","{The Whisper of the River|The Whisper of the River|The Whisper of the River}","1.0","{4}","0.0","{Peachtree Publishers|Penguin Books}","1.0","{[de.unimannheim.wdi.model.Author@a4b24d7]|[de.unimannheim.wdi.model.Author@a4b24d7]|[de.unimannheim.wdi.model.Author@a4b24d7]}","0.0","{1984|1986}","1.0","{[, Fiction, , American, , Southern, , Historical, , Historical Fiction, , Humor, ]}",,
"goodreads_53065+recommendation_620","1.0","1.0","{448}","1.0","{The Morning After|The Morning After}","1.0","{4}","1.0","{Zebra Books}","1.0","{[de.unimannheim.wdi.model.Author@375492dd]|[de.unimannheim.wdi.model.Author@375492dd]}","1.0","{2004}","1.0","{[, Mystery, , Romance, , Romantic Suspense, , Thriller, , Romance, ]}",,
"goodreads_14668+recommendation_101458+recommendation_140409","0.8571428571428571","1.0","{544}","1.0","{Wolfskin|Wolfskin|Wolfskin}","1.0","{4}","1.0","{Tor Books|Tor Books}","1.0","{[de.unimannheim.wdi.model.Author@a9650761]|[de.unimannheim.wdi.model.Author@a9650761]|[de.unimannheim.wdi.model.Author@a9650761]}","0.0","{2003|2004}","1.0","{[, Fantasy, , Historical, , Historical Fiction, , Romance, , Fiction, , Historical, ]}",,
"goodreads_2359+goodreads_49780+kindle_29141+recommendation_105587+recommendation_156370+recommendation_215689+recommendation_254608","0.625","0.0","{224|235|228}","1.0","{True Grit|True Grit|True Grit|True Grit|True Grit|True Grit|True Grit}","1.0","{4|4|4}","0.0","{Overlook|New Amer Library|Overlook Press|Signet Book|Simon &amp; Schuster}","1.0","{[de.unimannheim.wdi.model.Author@9e2d3666]|[de.unimannheim.wdi.model.Author@9e2d3666]|[de.unimannheim.wdi.model.Author@9e2d3666]|[de.unimannheim.wdi.model.Author@9e2d3666]|[de.unimannheim.wdi.model.Author@9e2d3666]|[de.unimannheim.wdi.model.Author@9e2d3666]|[de.unimannheim.wdi.model.Author@9e2d3666]}","0.0","{1993|2003|1995|1968}","1.0","{[, Fiction, , Westerns, , Historical, , Historical Fiction, , Classics, , Adventure, ]|[, Fiction, , Westerns, , Historical, , Historical Fiction, , Classics, , Adventure, ]}","1.0","{6}"
"goodreads_32695+recommendation_91160","1.0","1.0","{830}","1.0","{The Past Through Tomorrow|The Past Through Tomorrow}","1.0","{4}","1.0","{Ace Books}","1.0","{[de.unimannheim.wdi.model.Author@678a1bb4]|[de.unimannheim.wdi.model.Author@678a1bb4]}","1.0","{1987}","1.0","{[, Science Fiction, , Fiction, , Short Stories, ]}",,
"goodreads_35708+recommendation_104563","0.25",,,,,,,"0.0","{Victor Kamkin|Yale University Press|Pantheon Books|Wildside Press}",,,"0.5","{1987|1996|1996|2003}",,,,
"goodreads_18571+goodreads_28385+goodreads_34620+goodreads_42323+goodreads_43189+goodreads_47139+recommendation_123293+recommendation_245464","0.8274725274725275","0.21428571428571427","{224|64|119|68|144|96|144|160|120|112|160|112|104|112}","1.0","{A Christmas Carol|A Christmas Carol|A Christmas Carol|A Christmas Carol|A Christmas Carol|A Christmas Carol|A Christmas Carol|A Christmas Carol|A Christmas Carol|A Christmas Carol|A Christmas Carol|A Christmas Carol|A Christmas Carol|A Christmas Carol|A Christmas Carol|A Christmas Carol|A Christmas Carol|A Christmas Carol|A Christmas Carol|A Christmas Carol|A Christmas Carol|A Christmas Carol}","1.0","{4|4|4|4|4|4|4|4|4|4|4|4|4|4}",,,"1.0","{[de.unimannheim.wdi.model.Author@a19a30e0]|[de.unimannheim.wdi.model.Author@a19a30e0]|[de.unimannheim.wdi.model.Author@a19a30e0]|[de.unimannheim.wdi.model.Author@a19a30e0]|[de.unimannheim.wdi.model.Author@a19a30e0]|[de.unimannheim.wdi.model.Author@a19a30e0]|[de.unimannheim.wdi.model.Author@a19a30e0]|[de.unimannheim.wdi.model.Author@a19a30e0]|[de.unimannheim.wdi.model.Author@a19a30e0]|[de.unimannheim.wdi.model.Author@a19a30e0]|[de.unimannheim.wdi.model.Author@a19a30e0]|[de.unimannheim.wdi.model.Author@a19a30e0]|[de.unimannheim.wdi.model.Author@a19a30e0]|[de.unimannheim.wdi.model.Author@a19a30e0]|[de.unimannheim.wdi.model.Author@a19a30e0]|[de.unimannheim.wdi.model.Author@a19a30e0]|[de.unimannheim.wdi.model.Author@a19a30e0]|[de.unimannheim.wdi.model.Author@a19a30e0]|[de.unimannheim.wdi.model.Author@a19a30e0]|[de.unimannheim.wdi.model.Author@a19a30e0]|[de.unimannheim.wdi.model.Author@a19a30e0]|[de.unimannheim.wdi.model.Author@a19a30e0]}",,,"0.9230769230769231","{[, Classics, , Fiction, , Holiday, , Christmas, , Fantasy, ]|[, Classics, , Fiction, , Holiday, , Christmas, , Fantasy, ]|[, Classics, , Fiction, , Holiday, , Christmas, , Fantasy, ]|[, Classics, , Fiction, , Holiday, , Christmas, , Fantasy, ]|[, Classics, , Fiction, , Holiday, , Christmas, , Fantasy, ]|[, Classics, , Fiction, , Holiday, , Christmas, , Fantasy, ]|[, Classics, , Fiction, , Holiday, , Christmas, , Fantasy, ]|[, Classics, , Fiction, , Holiday, , Christmas, , Fantasy, ]|[, Classics, , Fiction, , Holiday, , Christmas, , Fantasy, ]|[, Classics, , Fiction, , Holiday, , Christmas, , Fantasy, ]|[, Classics, , Fiction, , Holiday, , Christmas, , Fantasy, ]|[, Classics, , Fiction, , Holiday, , Christmas, , Fantasy, ]|[, Classics, , Fiction, , Holiday, , Christmas, , Fantasy, , Literature, , Historical, , Historical Fiction, , Holiday, , Literature, , 19th Century, , Classics, , Classic Literature, , Academic, , School, ]}",,
"goodreads_19987+recommendation_182003","0.8571428571428571","1.0","{373}","1.0","{Camille Claudel|Camille Claudel}","1.0","{4}","1.0","{Circe}","0.0","{[de.unimannheim.wdi.model.Author@8d7141ae]|[de.unimannheim.wdi.model.Author@8d7131b2]}","1.0","{1991}","1.0","{[, Art, , Biography, , Nonfiction, , Cultural, , France, , Art, , Art History, , Womens, , History, ]}",,
"goodreads_29056+recommendation_115300+recommendation_27448","0.8571428571428571","1.0","{416}","1.0","{The Cold One|The Cold One|The Cold One}","1.0","{3}","0.0","{St Martins Pr|Tor Books}","1.0","{[de.unimannheim.wdi.model.Author@7fc98cfb]|[de.unimannheim.wdi.model.Author@7fc98cfb]|[de.unimannheim.wdi.model.Author@7fc98cfb]}","1.0","{1995|1995}","1.0","{[, Horror, , Young Adult, , Fiction, , Fantasy, , Thriller, ]}",,
"goodreads_51271+recommendation_107098","1.0","1.0","{174}","1.0","{Checkmate|Checkmate}","1.0","{3}","1.0","{Corgi Books}","1.0","{[de.unimannheim.wdi.model.Author@64d81579]|[de.unimannheim.wdi.model.Author@64d81579]}","1.0","{1975}","1.0","{[, Historical, , Historical Fiction, , Suspense, ]}",,
"goodreads_11937+recommendation_128755+recommendation_24593+recommendation_264592","0.8095238095238094","1.0","{224}","1.0","{Orphans of the Sky|Orphans of the Sky|Orphans of the Sky|Orphans of the Sky}","1.0","{3}","0.0","{Baen|Stealth Press|Ace Books}","1.0","{[de.unimannheim.wdi.model.Author@678a1bb4]|[de.unimannheim.wdi.model.Author@678a1bb4]|[de.unimannheim.wdi.model.Author@678a1bb4]|[de.unimannheim.wdi.model.Author@678a1bb4]}","0.6666666666666666","{2001|2001|1989}","1.0","{[, Fiction, , Science Fiction, , Science Fiction Fantasy, ]}",,
"goodreads_45650+recommendation_181857","1.0","1.0","{170}","1.0","{A Cure for Dreams|A Cure for Dreams}","1.0","{3}","1.0","{Algonquin Books of Chapel Hill}","1.0","{[de.unimannheim.wdi.model.Author@2298f73]|[de.unimannheim.wdi.model.Author@2298f73]}","1.0","{1991}","1.0","{[, Fiction, , American, , Southern, , Historical, , Historical Fiction, , Novels, ]}",,
"goodreads_14087+recommendation_191577+recommendation_204414+recommendation_266452","0.7142857142857143","1.0","{192}","1.0","{The Stories of Breece D'J Pancake|The Stories of Breece D'J Pancake|The Stories of Breece D'J Pancake|The Stories of Breece D'J Pancake}","1.0","{4}","0.0","{Henry Holt &amp; Co|Back Bay Books|Little Brown &amp; Co}","1.0","{[de.unimannheim.wdi.model.Author@439c67cd]|[de.unimannheim.wdi.model.Author@439c67cd]|[de.unimannheim.wdi.model.Author@439c67cd]|[de.unimannheim.wdi.model.Author@439c67cd]}","0.0","{1984|2002|1983}","1.0","{[, Short Stories, , Fiction, , Literature, , Literature, , American, ]}",,
"goodreads_42579+recommendation_142522+recommendation_44875+recommendation_73187","0.738095238095238","1.0","{624}","1.0","{Comstock Lode|Comstock Lode|Comstock Lode|Comstock Lode}","1.0","{4}","0.0","{Bantam Doubleday Dell|Bantam Books|Bantam}","0.5","{[de.unimannheim.wdi.model.Author@f522fee0]|[de.unimannheim.wdi.model.Author@1bb1d7b7]|[de.unimannheim.wdi.model.Author@f522fee0]|[de.unimannheim.wdi.model.Author@508ceee0]}","0.6666666666666666","{1982|1981|1982}","1.0","{[, Westerns, , Fiction, , Historical, , Historical Fiction, , Historical, , Action, , Adventure, , Romance, , Classics, ]}",,
"goodreads_7535+recommendation_45637","1.0","1.0","{400}","1.0","{Fool on the Hill|Fool on the Hill}","1.0","{4}","1.0","{Grove Press}","1.0","{[de.unimannheim.wdi.model.Author@b5165fee]|[de.unimannheim.wdi.model.Author@b5165fee]}","1.0","{1998}","1.0","{[, Fantasy, , Fiction, , Humor, , Fantasy, , Urban Fantasy, ]}",,
"goodreads_15676+recommendation_5913","0.8","0.0","{101|95}","1.0","{Animal Farm|Animal Farm|Animal Farm|Animal Farm|Animal Farm}","1.0","{3|3}",,,"1.0","{[de.unimannheim.wdi.model.Author@54bea4b1]|[de.unimannheim.wdi.model.Author@54bea4b1]|[de.unimannheim.wdi.model.Author@54bea4b1]|[de.unimannheim.wdi.model.Author@54bea4b1]|[de.unimannheim.wdi.model.Author@54bea4b1]}",,,"1.0","{[, Classics, , Fiction, , Science Fiction, , Dystopia, , Fantasy, , Literature, , Academic, , School, , Politics, , Science Fiction, , Novels, , Academic, , Read For School, ]|[, Classics, , Fiction, , Science Fiction, , Dystopia, , Fantasy, , Literature, , Academic, , School, , Politics, , Science Fiction, , Novels, , Academic, , Read For School, ]}",,
"goodreads_6668+recommendation_125833","1.0","1.0","{278}","1.0","{Women of the Silk|Women of the Silk}","1.0","{3}","1.0","{St. Martin's Press}","1.0","{[de.unimannheim.wdi.model.Author@c01a158c]|[de.unimannheim.wdi.model.Author@c01a158c]}","1.0","{1991}","1.0","{[, Historical, , Historical Fiction, , Fiction, , Cultural, , China, , Cultural, , Asia, , Literature, , Asian Literature, , Historical, ]}",,
"goodreads_22014+goodreads_48336+recommendation_182395+recommendation_86926","1.0","1.0","{352}","1.0","{Pride and Prejudice|Pride and Prejudice}","1.0","{4}","1.0","{Airmont Pub Co}","1.0","{[de.unimannheim.wdi.model.Author@5d871c4f]|[de.unimannheim.wdi.model.Author@5d871c4f]}","1.0","{1980}","1.0","{[, Classics, , Fiction, , Romance, ]}",,
"goodreads_26147+goodreads_44788+recommendation_39002+recommendation_90851","1.0","1.0","{143}","1.0","{My Story|My Story}","1.0","{4}","1.0","{Natl Book Network}","1.0","{[de.unimannheim.wdi.model.Author@bad60525]|[de.unimannheim.wdi.model.Author@bad60525]}","1.0","{1986}","1.0","{[, Nonfiction, , Biography, , Autobiography, , Memoir, , Biography, , Autobiography, ]}",,
"goodreads_10670+goodreads_136+goodreads_26110+goodreads_32312+goodreads_46633+goodreads_49784+recommendation_1050+recommendation_11547+recommendation_64062+recommendation_64709","0.8571428571428571","0.0","{224|208}","1.0","{Fight Club|Fight Club|Fight Club}","1.0","{4|4}","1.0","{Owl Books}","1.0","{[de.unimannheim.wdi.model.Author@b529696a]|[de.unimannheim.wdi.model.Author@b529696a]|[de.unimannheim.wdi.model.Author@b529696a]}","1.0","{1999}","1.0","{[, Fiction, , Contemporary, , Classics, , Thriller, ]|[, Fiction, , Contemporary, , Classics, , Thriller, ]}",,
"goodreads_345+goodreads_53830+recommendation_101233+recommendation_123684+recommendation_144382+recommendation_146084+recommendation_15611+recommendation_174183+recommendation_180108+recommendation_202155+recommendation_236080+recommendation_251117+recommendation_261365+recommendation_37861+recommendation_42307+recommendation_75020","0.7142857142857143","1.0","{245}","1.0","{Black Beauty|Black Beauty|Black Beauty|Black Beauty|Black Beauty}","1.0","{3}","0.0","{Pages Publishing Group|Barnes Noble Books|Book Essentials|Puffin Books}","1.0","{[de.unimannheim.wdi.model.Author@78a3bbf]|[de.unimannheim.wdi.model.Author@78a3bbf]|[de.unimannheim.wdi.model.Author@78a3bbf]|[de.unimannheim.wdi.model.Author@78a3bbf]|[de.unimannheim.wdi.model.Author@78a3bbf]}","0.0","{1990|2001|1994|1995}","1.0","{[, Classics, , Fiction, , Childrens, , Animals, , Young Adult, ]}",,
"goodreads_37152+goodreads_47106+goodreads_53+kindle_9745+recommendation_101193+recommendation_147065+recommendation_174569+recommendation_190777+recommendation_21236+recommendation_221565+recommendation_245414+recommendation_26927+recommendation_72718","0.6785714285714286","0.0","{268|341|489|238}","1.0","{A Tale of Two Cities|A Tale of Two Cities|A Tale of Two Cities|A Tale of Two Cities|A Tale of Two Cities|A Tale of Two Cities|A Tale of Two Cities|A Tale of Two Cities|A Tale of Two Cities|A Tale of Two Cities|A Tale of Two Cities|A Tale of Two Cities|A Tale of Two Cities}","0.75","{3|3|3|4}","0.0","{Public Domain Books|Barnes Noble Books|Penguin Putnam~mass|DH Audio|Sagebrush Bound|Signet Book|Penguin Books Ltd|Signet|Tor Books|Silver Burdett Press}","1.0","{[de.unimannheim.wdi.model.Author@a19a30e0]|[de.unimannheim.wdi.model.Author@a19a30e0]|[de.unimannheim.wdi.model.Author@a19a30e0]|[de.unimannheim.wdi.model.Author@a19a30e0]|[de.unimannheim.wdi.model.Author@a19a30e0]|[de.unimannheim.wdi.model.Author@a19a30e0]|[de.unimannheim.wdi.model.Author@a19a30e0]|[de.unimannheim.wdi.model.Author@a19a30e0]|[de.unimannheim.wdi.model.Author@a19a30e0]|[de.unimannheim.wdi.model.Author@a19a30e0]|[de.unimannheim.wdi.model.Author@a19a30e0]|[de.unimannheim.wdi.model.Author@a19a30e0]|[de.unimannheim.wdi.model.Author@a19a30e0]}",,,"1.0","{[, Classics, , Fiction, , Historical, , Historical Fiction, , Literature, ]|[, Classics, , Fiction, , Historical, , Historical Fiction, , Literature, ]|[, Classics, , Fiction, , Historical, , Historical Fiction, , Literature, ]}","1.0","{0}"
"goodreads_23637+recommendation_141336+recommendation_166513+recommendation_59970","0.8095238095238094","1.0","{313}","1.0","{California Angel|California Angel|California Angel|California Angel}","1.0","{3}","0.0","{Penguin USA|Signet Book|New Amer Library}","1.0","{[de.unimannheim.wdi.model.Author@6e094128]|[de.unimannheim.wdi.model.Author@6e094128]|[de.unimannheim.wdi.model.Author@6e094128]|[de.unimannheim.wdi.model.Author@6e094128]}","0.6666666666666666","{1995|1996|1995}","1.0","{[, Fiction, , Mystery, , Thriller, , Mystery, , Crime, , Modern, ]}",,
"goodreads_614+recommendation_11248+recommendation_239099+recommendation_63965+recommendation_9751","0.8571428571428571","1.0","{623}","1.0","{Foucault's Pendulum|Foucault's Pendulum|Foucault's Pendulum|Foucault's Pendulum|Foucault's Pendulum}","1.0","{3}","0.5","{Ballantine Books|Secker &amp; Warburg|Harcourt|Ballantine Books}","1.0","{[de.unimannheim.wdi.model.Author@8be20e02]|[de.unimannheim.wdi.model.Author@8be20e02]|[de.unimannheim.wdi.model.Author@8be20e02]|[de.unimannheim.wdi.model.Author@8be20e02]|[de.unimannheim.wdi.model.Author@8be20e02]}","0.5","{1997|1989|1989|1990}","1.0","{[, Fiction, , Mystery, , Historical, , Historical Fiction, , Literature, , Classics, ]}",,
"goodreads_15853+goodreads_187+goodreads_26071+goodreads_28184+goodreads_31141+goodreads_37847+goodreads_48347+recommendation_114072+recommendation_118432+recommendation_124790+recommendation_15713+recommendation_250353+recommendation_258635+recommendation_33223+recommendation_46770+recommendation_8990+recommendation_9778","0.2",,,,,,,"0.2","{Editores Mexicanos Unidos, S.A.|Gallimard|Signet Book|Bantam|Pocket (FR)|Signet Book|Dorset Press|Ideal Foreign Books|Penguin Books|Signet Classics}",,,"0.2","{2001|2001|1964|1982|2000|1964|1994|2000|2003|1994}",,,,
"goodreads_11211+kindle_1542+recommendation_89918","0.625","0.0","{309|338}","1.0","{Screenplay: The Foundations of Screenwriting|Screenplay: The Foundations of Screenwriting|Screenplay: The Foundations of Screenwriting}","0.0","{3|4}","0.0","{Delta; Revised edition|Dell Publishing Company}","1.0","{[de.unimannheim.wdi.model.Author@10341cf7]|[de.unimannheim.wdi.model.Author@10341cf7]|[de.unimannheim.wdi.model.Author@10341cf7]}","1.0","{1984}","1.0","{[, Language, , Writing, , Nonfiction, , Culture, , Film, ]}","1.0","{9}"
"goodreads_47106+goodreads_53+recommendation_101193+recommendation_174569+recommendation_21236+recommendation_245414+recommendation_26927","0.2222222222222222",,,,,,,,,,,"0.2222222222222222","{0|1960|1986|1999|1997|1989|1980|1989|1985}",,,,
"goodreads_35671+goodreads_472+kindle_8297+recommendation_103823+recommendation_17914+recommendation_33222+recommendation_5374+recommendation_55100+recommendation_84194","1.0","1.0","{306}","1.0","{To the Lighthouse|To the Lighthouse}","1.0","{3}","1.0","{Harcourt}","1.0","{[de.unimannheim.wdi.model.Author@d3171db5]|[de.unimannheim.wdi.model.Author@d3171db5]}","1.0","{1981}","1.0","{[, Classics, , Fiction, , Literature, , Novels, ]}",,
"goodreads_494+kindle_47906+recommendation_10287+recommendation_159140+recommendation_87904","0.6875","0.0","{309|292}","1.0","{Johnny Got His Gun|Johnny Got His Gun|Johnny Got His Gun|Johnny Got His Gun|Johnny Got His Gun}","1.0","{4|4}","0.5","{Citadel|Bantam Books|Citadel Press|Bantam Books}","1.0","{[de.unimannheim.wdi.model.Author@e5e940be]|[de.unimannheim.wdi.model.Author@e5e940be]|[de.unimannheim.wdi.model.Author@e5e940be]|[de.unimannheim.wdi.model.Author@e5e940be]|[de.unimannheim.wdi.model.Author@e5e940be]}","0.0","{1983|1994|1982}","1.0","{[, Fiction, , Classics, , War, , Historical, , Historical Fiction, , Horror, , Literature, ]}","1.0","{6}"
"goodreads_42501+recommendation_69523","1.0","1.0","{234}","1.0","{The Astronaut's Wife|The Astronaut's Wife}","1.0","{3}","1.0","{St. Martin's Press}","1.0","{[de.unimannheim.wdi.model.Author@b185c2e9]|[de.unimannheim.wdi.model.Author@b185c2e9]}","1.0","{1999}","1.0","{[, Thriller, , Fiction, , Science Fiction, , Mystery, , Adventure, , Mystery, , Crime, , Suspense, , Media Tie In, , Movies, ]}",,
"goodreads_24292+goodreads_279+recommendation_217770+recommendation_2260+recommendation_229202+recommendation_85420+recommendation_98546","0.8095238095238095","1.0","{316}","1.0","{King Lear|King Lear|King Lear|King Lear}","1.0","{3}","0.6666666666666666","{Random House Uk Ltd|Signet Book|Signet Book}","1.0","{[de.unimannheim.wdi.model.Author@706abab4]|[de.unimannheim.wdi.model.Author@706abab4]|[de.unimannheim.wdi.model.Author@706abab4]|[de.unimannheim.wdi.model.Author@706abab4]}","0.0","{1994|1987|1981}","1.0","{[, Classics, , Plays, , Drama, , Fiction, , Literature, , Academic, , School, , Plays, , Theatre, , Poetry, , Tragedy, , Academic, , Read For School, ]}",,
"goodreads_10363+recommendation_111602+recommendation_17271","0.8571428571428571","1.0","{368}","1.0","{Blessed Are the Cheesemakers|Blessed Are the Cheesemakers|Blessed Are the Cheesemakers}","1.0","{3}","0.0","{Highbridge Audio|Warner Books}","1.0","{[de.unimannheim.wdi.model.Author@5a88adce]|[de.unimannheim.wdi.model.Author@5a88adce]|[de.unimannheim.wdi.model.Author@5a88adce]}","1.0","{2003|2003}","1.0","{[, Fiction, , Womens Fiction, , Chick Lit, , Cultural, , Ireland, , Romance, , Food and Drink, , Food, , Adult Fiction, ]}",,
"goodreads_7109+recommendation_251884+recommendation_28283+recommendation_86629","0.7142857142857143","1.0","{256}","1.0","{Strangers on a Train|Strangers on a Train|Strangers on a Train|Strangers on a Train}","1.0","{3}","0.0","{Isis Audio Books|W.W. Norton &amp; Company|Penguin USA}","1.0","{[de.unimannheim.wdi.model.Author@8353b6c1]|[de.unimannheim.wdi.model.Author@8353b6c1]|[de.unimannheim.wdi.model.Author@8353b6c1]|[de.unimannheim.wdi.model.Author@8353b6c1]}","0.0","{2000|2001|1979}","1.0","{[, Fiction, , Mystery, , Classics, , Mystery, , Crime, , Thriller, , Mystery, , Noir, , Thriller, , Mystery Thriller, , Suspense, , Audiobook, , Literature, , American, ]}",,
"goodreads_11528+recommendation_126963+recommendation_30456+recommendation_65088+recommendation_86824","0.8357142857142856","1.0","{412}","1.0","{They Thirst|They Thirst|They Thirst|They Thirst|They Thirst}","1.0","{3}","0.75","{Pocket|Pocket|Avon Books|Pocket}","0.6","{[de.unimannheim.wdi.model.Author@a6c49e58]|[de.unimannheim.wdi.model.Author@c2002310]|[de.unimannheim.wdi.model.Author@c2002310]|[de.unimannheim.wdi.model.Author@a6c49e58]|[de.unimannheim.wdi.model.Author@c2002310]}","0.5","{1988|1989|1981|1988}","1.0","{[, Horror, , Paranormal, , Vampires, , Fiction, , Fantasy, , Fantasy, , Paranormal, ]}",,
"goodreads_25277+recommendation_113545+recommendation_271305","0.7142857142857143","1.0","{312}","1.0","{Dreamsnake|Dreamsnake|Dreamsnake}","1.0","{3}","0.0","{Bantam|Houghton Mifflin}","1.0","{[de.unimannheim.wdi.model.Author@161cd6e4]|[de.unimannheim.wdi.model.Author@161cd6e4]|[de.unimannheim.wdi.model.Author@161cd6e4]}","0.0","{1994|1978}","1.0","{[, Science Fiction, , Fantasy, , Fiction, , Apocalyptic, , Post Apocalyptic, , Hugo Awards, ]}",,
"goodreads_18954+goodreads_19348+goodreads_222+goodreads_40836+kindle_46441+recommendation_10659+recommendation_1432+recommendation_1704+recommendation_30429+recommendation_38147+recommendation_49095+recommendation_96852","0.6768707482993197","0.6666666666666666","{365|365|386}","1.0","{The Silmarillion|The Silmarillion|The Silmarillion|The Silmarillion|The Silmarillion|The Silmarillion|The Silmarillion}","1.0","{3|3|3}","0.5","{Del Rey|Houghton Mifflin|Not Avail|Houghton Mifflin}","0.5714285714285714","{[de.unimannheim.wdi.model.Author@5cb7d793]|[de.unimannheim.wdi.model.Author@5cb7d793]|[de.unimannheim.wdi.model.Author@5cb7d793]|[de.unimannheim.wdi.model.Author@244acb93]|[de.unimannheim.wdi.model.Author@f8dbdfdb]|[de.unimannheim.wdi.model.Author@f8dbdfdb]|[de.unimannheim.wdi.model.Author@5cb7d793]}","0.0","{1985|1983|1979|2001}","1.0","{[, Fantasy, , Fiction, , Classics, ]|[, Fantasy, , Fiction, , Classics, ]|[, Fantasy, , Fiction, , Classics, ]}",,
"goodreads_202+goodreads_24112+goodreads_24380+goodreads_33749+goodreads_44172+kindle_25199+kindle_9747+recommendation_124173+recommendation_144017+recommendation_191408+recommendation_194122+recommendation_206812+recommendation_222125+recommendation_251823","0.625","0.2857142857142857","{882|870|821|1027|62|1108|1108}","1.0","{David Copperfield|David Copperfield|David Copperfield|David Copperfield|David Copperfield|David Copperfield|David Copperfield|David Copperfield|David Copperfield|David Copperfield|David Copperfield|David Copperfield|David Copperfield|David Copperfield}","0.7142857142857143","{3|3|3|3|3|4|4}","0.0","{HarperPerennial Classics|Public Domain Books|Signet Book|North South Books|Pocket Books (Mm)|Bantam Classic &amp; Loveswept|Bantam Books|Porrua|Smithmark Pub}","1.0","{[de.unimannheim.wdi.model.Author@a19a30e0]|[de.unimannheim.wdi.model.Author@a19a30e0]|[de.unimannheim.wdi.model.Author@a19a30e0]|[de.unimannheim.wdi.model.Author@a19a30e0]|[de.unimannheim.wdi.model.Author@a19a30e0]|[de.unimannheim.wdi.model.Author@a19a30e0]|[de.unimannheim.wdi.model.Author@a19a30e0]|[de.unimannheim.wdi.model.Author@a19a30e0]|[de.unimannheim.wdi.model.Author@a19a30e0]|[de.unimannheim.wdi.model.Author@a19a30e0]|[de.unimannheim.wdi.model.Author@a19a30e0]|[de.unimannheim.wdi.model.Author@a19a30e0]|[de.unimannheim.wdi.model.Author@a19a30e0]|[de.unimannheim.wdi.model.Author@a19a30e0]}","0.0","{1979|1995|1983|1985|1981|1998|1989}","1.0","{[, Classics, , Fiction, , Literature, , Historical, , Historical Fiction, ]|[, Classics, , Fiction, , Literature, , Historical, , Historical Fiction, ]|[, Classics, , Fiction, , Literature, , Historical, , Historical Fiction, ]|[, Classics, , Fiction, , Literature, , Historical, , Historical Fiction, ]|[, Classics, , Fiction, , Literature, , Historical, , Historical Fiction, ]}","1.0","{0|0}"
"goodreads_107+goodreads_26564+goodreads_32441+goodreads_44946+goodreads_49777+goodreads_94+kindle_9832+recommendation_102309+recommendation_118461+recommendation_119595+recommendation_12468+recommendation_136783+recommendation_144178+recommendation_149768+recommendation_206786+recommendation_240581+recommendation_256454+recommendation_52838+recommendation_53189+recommendation_7611+recommendation_82101+recommendation_91625+recommendation_97902","0.4375",,,,,,,"0.125","{Signet Book|Amsco School Pubns Inc|Bantam|Penguin USA (Paper)|Gage Publishing Ltd|Broadview Press|Signet Book|Bantam|Brilliance Audio|Airmont Pub Co|Signet Classics|Penguin Putnam~trade|Aladdin|Barnes Noble|Tor Books|Penguin Books Ltd}",,,"0.1875","{1981|1970|1982|1998|0|1998|1981|1982|2002|1970|1986|2000|2000|0|1998|1981}",,,"1.0","{0}"
"goodreads_51435+recommendation_106275+recommendation_146378+recommendation_94611","0.7142857142857143","1.0","{640}","1.0","{Celebrity|Celebrity|Celebrity|Celebrity}","1.0","{3}","0.0","{Doubleday Books|Warner Books|Not Avail}","1.0","{[de.unimannheim.wdi.model.Author@f6c8cf2f]|[de.unimannheim.wdi.model.Author@f6c8cf2f]|[de.unimannheim.wdi.model.Author@f6c8cf2f]|[de.unimannheim.wdi.model.Author@f6c8cf2f]}","0.0","{1982|1986|1983}","1.0","{[, Fiction, , Mystery, , Crime, , True Crime, , Thriller, ]}",,
"goodreads_1617+recommendation_208515","0.5714285714285714","0.0","{256|304}","1.0","{Stormbreaker|Stormbreaker|Stormbreaker|Stormbreaker}","1.0","{3|3}","0.0","{Puffin Books|Penguin USA}","1.0","{[de.unimannheim.wdi.model.Author@5f9f8182]|[de.unimannheim.wdi.model.Author@5f9f8182]|[de.unimannheim.wdi.model.Author@5f9f8182]|[de.unimannheim.wdi.model.Author@5f9f8182]}","0.0","{2004|2002}","1.0","{[, Young Adult, , Adventure, , Fiction, , Mystery, ]|[, Young Adult, , Adventure, , Fiction, , Mystery, ]}",,
"goodreads_48051+recommendation_12436+recommendation_125020","0.7142857142857143","1.0","{464}","1.0","{The Wild Swans|The Wild Swans|The Wild Swans}","1.0","{3}","0.0","{Aspect|Warner Books}","1.0","{[de.unimannheim.wdi.model.Author@6dd1fc7]|[de.unimannheim.wdi.model.Author@6dd1fc7]|[de.unimannheim.wdi.model.Author@6dd1fc7]}","0.0","{2001|1999}","1.0","{[, Fantasy, , Fantasy, , Fairy Tales, , Fiction, , Historical, , Historical Fiction, , Fairy Tales, , Fairy Tale Retellings, , Romance, ]}",,
"goodreads_13594+recommendation_649+recommendation_74723","0.8095238095238094","1.0","{389}","1.0","{The Next Accident|The Next Accident|The Next Accident}","1.0","{4}","1.0","{Bantam|Bantam}","0.6666666666666666","{[de.unimannheim.wdi.model.Author@9971ff19]|[de.unimannheim.wdi.model.Author@b2b296f9]|[de.unimannheim.wdi.model.Author@b2b296f9]}","0.0","{2002|2001}","1.0","{[, Mystery, , Thriller, , Suspense, , Mystery, , Crime, , Fiction, ]}",,
"goodreads_16039+kindle_9485+recommendation_13180+recommendation_178328+recommendation_1863+recommendation_27088","0.64375","0.0","{384|348}","1.0","{Cradle and All|Cradle and All|Cradle and All|Cradle and All|Cradle and All|Cradle and All}","0.0","{3|2}","0.4","{Vision; 1st edition|Warner Vision|Time Warner Audio Major|Little Brown and Company|Time Warner Audio Major}","1.0","{[de.unimannheim.wdi.model.Author@6ff1837]|[de.unimannheim.wdi.model.Author@6ff1837]|[de.unimannheim.wdi.model.Author@6ff1837]|[de.unimannheim.wdi.model.Author@6ff1837]|[de.unimannheim.wdi.model.Author@6ff1837]|[de.unimannheim.wdi.model.Author@6ff1837]}","0.75","{2001|2000|2000|2000}","1.0","{[, Mystery, , Fiction, , Thriller, , Suspense, ]}","1.0","{6}"
"goodreads_41943+goodreads_7792+recommendation_100337+recommendation_28560","0.5714285714285714","0.0","{352|345}","1.0","{Shade's Children|Shade's Children|Shade's Children|Shade's Children}","1.0","{3|3}","0.0","{HarperCollins Publishers|Eos}","1.0","{[de.unimannheim.wdi.model.Author@d58e9f28]|[de.unimannheim.wdi.model.Author@d58e9f28]|[de.unimannheim.wdi.model.Author@d58e9f28]|[de.unimannheim.wdi.model.Author@d58e9f28]}","0.0","{1997|1998}","1.0","{[, Young Adult, , Science Fiction, , Fantasy, , Fiction, , Science Fiction, , Dystopia, ]|[, Young Adult, , Science Fiction, , Fantasy, , Fiction, , Science Fiction, , Dystopia, ]}",,
"goodreads_10657+goodreads_294+kindle_36162+recommendation_233962+recommendation_42826+recommendation_46796+recommendation_46841+recommendation_63211+recommendation_75363","0.7857142857142857","1.0","{129}","1.0","{Candide|Candide|Candide|Candide|Candide}","1.0","{3}","0.5","{Distribooks Intl|Wildside Press|Distribooks Intl|Continental Book Co}","1.0","{[de.unimannheim.wdi.model.Author@94547e1b]|[de.unimannheim.wdi.model.Author@94547e1b]|[de.unimannheim.wdi.model.Author@94547e1b]|[de.unimannheim.wdi.model.Author@94547e1b]|[de.unimannheim.wdi.model.Author@94547e1b]}","0.0","{1995|2002|1999|1998}","1.0","{[, Classics, , Fiction, , Philosophy, , Cultural, , France, , Literature, ]}",,
"goodreads_5306+recommendation_136511+recommendation_17119","0.7142857142857143","1.0","{1104}","1.0","{The Grass Crown|The Grass Crown|The Grass Crown}","1.0","{4}","0.0","{Harpercollins|Avon}","1.0","{[de.unimannheim.wdi.model.Author@8b34af4c]|[de.unimannheim.wdi.model.Author@8b34af4c]|[de.unimannheim.wdi.model.Author@8b34af4c]}","0.0","{1991|1992}","1.0","{[, Historical, , Historical Fiction, , Fiction, , Historical, ]}",,
"goodreads_14707+recommendation_71734+recommendation_80935","0.8095238095238094","1.0","{357}","1.0","{Sense of Evil|Sense of Evil|Sense of Evil}","1.0","{4}","1.0","{Bantam|Bantam}","0.6666666666666666","{[de.unimannheim.wdi.model.Author@f6d51511]|[de.unimannheim.wdi.model.Author@704fa0f1]|[de.unimannheim.wdi.model.Author@704fa0f1]}","0.0","{2003|2004}","1.0","{[, Mystery, , Fantasy, , Paranormal, , Suspense, , Romance, , Thriller, , Romance, , Romantic Suspense, , Fiction, ]}",,
"goodreads_13724+recommendation_6147","0.8571428571428571","1.0","{128}","1.0","{The Postman|The Postman}","1.0","{3}","1.0","{Hyperion Books}","0.0","{[de.unimannheim.wdi.model.Author@cad0b9e1]|[de.unimannheim.wdi.model.Author@f0646a61]}","1.0","{1995}","1.0","{[, Fiction, , Romance, , Novels, ]}",,
"goodreads_3827+recommendation_12576","0.3333333333333333",,,,,,,"0.0","{Knopf|Distribooks|Plume Books}",,,"0.6666666666666666","{2002|2001|2002}",,,,
"goodreads_15676+goodreads_22091+goodreads_37192+goodreads_39274+goodreads_8+goodreads_9713+recommendation_115664+recommendation_116148+recommendation_131708+recommendation_209079+recommendation_286+recommendation_4879+recommendation_52626+recommendation_53659+recommendation_5913+recommendation_8986","0.3333333333333333",,,,,,,"0.0","{Penguin Putnam~mass|Signet Book|New Amer Library Classics}",,,"0.6666666666666666","{1956|1956|1990}",,,,
"goodreads_21900+goodreads_265+goodreads_29940+goodreads_46884+recommendation_1101+recommendation_72854","0.8571428571428571","0.0","{496|448|491}","1.0","{The House of the Spirits|The House of the Spirits|The House of the Spirits|The House of the Spirits}","1.0","{4|4|4}","1.0","{Alfred A. Knopf}","1.0","{[de.unimannheim.wdi.model.Author@8dd67ebc]|[de.unimannheim.wdi.model.Author@8dd67ebc]|[de.unimannheim.wdi.model.Author@8dd67ebc]|[de.unimannheim.wdi.model.Author@8dd67ebc]}","1.0","{1985}","1.0","{[, Fiction, , Magical Realism, , Historical, , Historical Fiction, , Classics, , Fantasy, ]|[, Fiction, , Magical Realism, , Historical, , Historical Fiction, , Classics, , Fantasy, ]|[, Fiction, , Magical Realism, , Historical, , Historical Fiction, , Classics, , Fantasy, ]}",,
"goodreads_488+recommendation_120210+recommendation_7994+recommendation_9195+recommendation_98693","0.7571428571428571","1.0","{870}","1.0","{Voyager|Voyager|Voyager|Voyager|Voyager}","1.0","{4}","0.0","{Delta|Dell|Delacorte Press|Random House Audio}","0.8","{[de.unimannheim.wdi.model.Author@5711c5a0]|[de.unimannheim.wdi.model.Author@95835980]|[de.unimannheim.wdi.model.Author@95835980]|[de.unimannheim.wdi.model.Author@95835980]|[de.unimannheim.wdi.model.Author@95835980]}","0.5","{2001|1994|1993|1994}","1.0","{[, Historical, , Historical Fiction, , Romance, , Fantasy, , Fiction, , Science Fiction, , Time Travel, , Historical, ]}",,
"goodreads_133+goodreads_18803+goodreads_35508+goodreads_98+kindle_13308+kindle_22111+kindle_27240+recommendation_102854+recommendation_170830+recommendation_246814+recommendation_270518+recommendation_36069+recommendation_42923+recommendation_50869+recommendation_72783+recommendation_74456+recommendation_8231","0.6666666666666666","0.6666666666666666","{964|838|838}","1.0","{Anna Karenina|Anna Karenina|Anna Karenina|Anna Karenina|Anna Karenina}","1.0","{4|4|4}","0.0","{Bantam|IndyPublish.com}","1.0","{[de.unimannheim.wdi.model.Author@f9cdc0b1]|[de.unimannheim.wdi.model.Author@f9cdc0b1]|[de.unimannheim.wdi.model.Author@f9cdc0b1]|[de.unimannheim.wdi.model.Author@f9cdc0b1]|[de.unimannheim.wdi.model.Author@f9cdc0b1]}","0.0","{1984|2003}","1.0","{[, Classics, , Fiction, , Cultural, , Russia, , Romance, ]|[, Classics, , Fiction, , Cultural, , Russia, , Romance, ]|[, Classics, , Fiction, , Cultural, , Russia, , Romance, ]}",,
"goodreads_35551+goodreads_46058+goodreads_603+recommendation_29680+recommendation_41563+recommendation_55273+recommendation_83412","0.5714285714285714","0.0","{560|398|504}","1.0","{Native Son|Native Son|Native Son|Native Son|Native Son|Native Son|Native Son}","1.0","{3|3|3}","0.0","{Harpercollins Publisher|Buccaneer Books Inc|Sagebrush Education Resources|Perennial}","1.0","{[de.unimannheim.wdi.model.Author@55b6cad]|[de.unimannheim.wdi.model.Author@55b6cad]|[de.unimannheim.wdi.model.Author@55b6cad]|[de.unimannheim.wdi.model.Author@55b6cad]|[de.unimannheim.wdi.model.Author@55b6cad]|[de.unimannheim.wdi.model.Author@55b6cad]|[de.unimannheim.wdi.model.Author@55b6cad]}","0.0","{1942|1997|1999|1987}","1.0","{[, Fiction, , Classics, , Cultural, , African American, , Historical, , Historical Fiction, , Literature, ]|[, Fiction, , Classics, , Cultural, , African American, , Historical, , Historical Fiction, , Literature, ]|[, Fiction, , Classics, , Cultural, , African American, , Historical, , Historical Fiction, , Literature, ]}",,
"goodreads_44074+recommendation_110645","1.0","1.0","{309}","1.0","{Doctor No|Doctor No}","1.0","{3}","1.0","{Berkley Publishing Group}","1.0","{[de.unimannheim.wdi.model.Author@eb9a2549]|[de.unimannheim.wdi.model.Author@eb9a2549]}","1.0","{1990}","1.0","{[, Fiction, , Thriller, , Spy Thriller, , Espionage, , Adventure, , Mystery, ]}",,
"goodreads_45233+goodreads_7047+recommendation_170363","0.8571428571428571","0.0","{141|106}","1.0","{The Fire Next Time|The Fire Next Time|The Fire Next Time}","1.0","{4|4}","1.0","{Vintage Books USA}","1.0","{[de.unimannheim.wdi.model.Author@886f4788]|[de.unimannheim.wdi.model.Author@886f4788]|[de.unimannheim.wdi.model.Author@886f4788]}","1.0","{1993}","1.0","{[, Nonfiction, , Writing, , Essays, , Race, , Classics, , History, , Politics, ]|[, Nonfiction, , Writing, , Essays, , Race, , Classics, , History, , Politics, ]}",,
"goodreads_2999+recommendation_30038+recommendation_5948","0.7142857142857143","1.0","{624}","1.0","{The Little Friend|The Little Friend|The Little Friend}","1.0","{3}","0.0","{Vintage|Alfred A. Knopf}","1.0","{[de.unimannheim.wdi.model.Author@1765925a]|[de.unimannheim.wdi.model.Author@1765925a]|[de.unimannheim.wdi.model.Author@1765925a]}","0.0","{2003|2002}","1.0","{[, Fiction, , Mystery, , Literary Fiction, , Contemporary, , Abandoned, , Mystery, , Crime, , Literature, , Novels, , Literature, , American, , Thriller, , Mystery Thriller, ]}",,
"goodreads_40298+goodreads_621+recommendation_18489+recommendation_187137+recommendation_5836","0.6666666666666666","0.0","{521|637}","1.0","{The Blind Assassin|The Blind Assassin|The Blind Assassin|The Blind Assassin|The Blind Assassin}","1.0","{3|3}","0.0","{Anchor Books/Doubleday|Random House Audio Publishing Group|Nan A. Talese}","1.0","{[de.unimannheim.wdi.model.Author@c18bda96]|[de.unimannheim.wdi.model.Author@c18bda96]|[de.unimannheim.wdi.model.Author@c18bda96]|[de.unimannheim.wdi.model.Author@c18bda96]|[de.unimannheim.wdi.model.Author@c18bda96]}","0.6666666666666666","{2001|2000|2000}","1.0","{[, Fiction, , Historical, , Historical Fiction, , Mystery, , Cultural, , Canada, ]|[, Fiction, , Historical, , Historical Fiction, , Mystery, , Cultural, , Canada, ]}",,
"goodreads_19805+recommendation_4575","0.8571428571428571","1.0","{166}","1.0","{The Family of Pascual Duarte|The Family of Pascual Duarte}","1.0","{3}","1.0","{Little Brown &amp; Co}","0.0","{[de.unimannheim.wdi.model.Author@a51980d8]|[de.unimannheim.wdi.model.Author@c3d9cedc]}","1.0","{1989}","1.0","{[, Novels, , Literature, , European Literature, , Spanish Literature, , Nobel Prize, , Classics, ]}",,
"goodreads_1287+kindle_10585+recommendation_112508+recommendation_224737+recommendation_3604+recommendation_5545","0.6875","0.0","{890|916}","1.0","{Insomnia|Insomnia|Insomnia|Insomnia|Insomnia|Insomnia}","1.0","{3|3}","0.0","{Signet; 1 edition|Sagebrush Bound|Dutton Books|Viking Books|Signet Book}","1.0","{[de.unimannheim.wdi.model.Author@50f1e71]|[de.unimannheim.wdi.model.Author@50f1e71]|[de.unimannheim.wdi.model.Author@50f1e71]|[de.unimannheim.wdi.model.Author@50f1e71]|[de.unimannheim.wdi.model.Author@50f1e71]|[de.unimannheim.wdi.model.Author@50f1e71]}","0.5","{1999|1995|1994|1995}","1.0","{[, Horror, , Fiction, , Fantasy, ]}","1.0","{7}"
"goodreads_11634+goodreads_19204+goodreads_24116+goodreads_277+goodreads_29614+goodreads_31428+kindle_18081+recommendation_131537+recommendation_17813+recommendation_198737+recommendation_243827+recommendation_2912+recommendation_5876+recommendation_62635+recommendation_9987","0.4166666666666667",,,,,,,"0.0","{Signet; Reissue edition|Albin Michel|Plaza &amp; Janes Editores, S.A.|Fireside|Lgf|New Amer Library|Viking Books|Sagebrush Bound|Penguin USA (Paper)}",,,"0.25","{2000|1999|2002|2002|1988|1990|1999|2004}",,,"1.0","{5}"
"goodreads_31600+recommendation_127137+recommendation_156280+recommendation_76020","0.5833333333333334",,,"1.0","{Blue Belle|Blue Belle|Blue Belle|Blue Belle}","1.0","{4}","0.0","{Random House Inc|Vintage Books USA|Penguin Putnam~mass}","0.5","{[de.unimannheim.wdi.model.Author@cd5d3ae2]|[de.unimannheim.wdi.model.Author@aea31296]|[de.unimannheim.wdi.model.Author@aea31296]|[de.unimannheim.wdi.model.Author@cd5d3ae2]}","0.0","{1988|1995|1990}","1.0","{[, Mystery, , Crime, , Mystery, , Fiction, , Mystery, , Noir, , Thriller, , Thriller, , Mystery Thriller, ]}",,
"goodreads_19723+recommendation_26665+recommendation_85453","0.8571428571428571","1.0","{224}","1.0","{A Gracious Plenty|A Gracious Plenty|A Gracious Plenty}","1.0","{3}","0.0","{Random House Inc|Random House}","1.0","{[de.unimannheim.wdi.model.Author@2b70752c]|[de.unimannheim.wdi.model.Author@2b70752c]|[de.unimannheim.wdi.model.Author@2b70752c]}","1.0","{1997|1997}","1.0","{[, Fiction, , Contemporary, , Magical Realism, , Paranormal, , Ghosts, , Adult Fiction, ]}",,
"goodreads_9522+kindle_35211+recommendation_146108+recommendation_64358","0.625","0.0","{711|656}","1.0","{You Can't Go Home Again|You Can't Go Home Again|You Can't Go Home Again|You Can't Go Home Again}","1.0","{4|4}","0.0","{Scribner; Reprint edition|HarperCollins Publishers|Perennial}","1.0","{[de.unimannheim.wdi.model.Author@6b85f856]|[de.unimannheim.wdi.model.Author@6b85f856]|[de.unimannheim.wdi.model.Author@6b85f856]|[de.unimannheim.wdi.model.Author@6b85f856]}","0.0","{1973|1998}","1.0","{[, Fiction, , Classics, , Literature, , Novels, ]}","1.0","{12}"
"goodreads_20848+recommendation_4043","1.0","1.0","{360}","1.0","{Deep South|Deep South}","1.0","{3}","1.0","{Berkley Publishing Group}","1.0","{[de.unimannheim.wdi.model.Author@c3dce7bf]|[de.unimannheim.wdi.model.Author@c3dce7bf]}","1.0","{2001}","1.0","{[, Mystery, , Fiction, ]}",,
"goodreads_24991+kindle_8159+recommendation_136332+recommendation_31951","0.5","0.0","{311|338}","1.0","{Call Me Anna: The Autobiography of Patty Duke|Call Me Anna: The Autobiography of Patty Duke|Call Me Anna: The Autobiography of Patty Duke|Call Me Anna: The Autobiography of Patty Duke}","0.0","{3|4}","0.0","{Bantam|Bantam Dell Pub Group|Bantam Books}","1.0","{[de.unimannheim.wdi.model.Author@5f9a98c2]|[de.unimannheim.wdi.model.Author@5f9a98c2]|[de.unimannheim.wdi.model.Author@5f9a98c2]|[de.unimannheim.wdi.model.Author@5f9a98c2]}","0.0","{1988|1990}","1.0","{[, Biography, , Nonfiction, , Biography, , Autobiography, , Autobiography, , Memoir, , Biography Memoir, , Health, , Mental Health, ]}","1.0","{5}"
"goodreads_29884+recommendation_229794","0.5476190476190477","0.0","{180|192|208}","1.0","{The Giver|The Giver|The Giver|The Giver|The Giver|The Giver}","1.0","{4|4|4}","0.0","{Laurel Leaf|Random House Childrens Pub|Bantam Books for Young Readers}","0.8333333333333334","{[de.unimannheim.wdi.model.Author@69400cc7]|[de.unimannheim.wdi.model.Author@69400cc7]|[de.unimannheim.wdi.model.Author@69400cc7]|[de.unimannheim.wdi.model.Author@69400cc7]|[de.unimannheim.wdi.model.Author@69400cc7]|[de.unimannheim.wdi.model.Author@47b620a7]}","0.0","{1997|1994|1999}","1.0","{[, Young Adult, , Fiction, , Classics, , Science Fiction, , Dystopia, , Science Fiction, ]|[, Young Adult, , Fiction, , Classics, , Science Fiction, , Dystopia, , Science Fiction, ]|[, Young Adult, , Fiction, , Classics, , Science Fiction, , Dystopia, , Science Fiction, ]}",,
"goodreads_50188+recommendation_58040","1.0","1.0","{352}","1.0","{Brown-Eyed Girl|Brown-Eyed Girl}","1.0","{3}","1.0","{Pocket}","1.0","{[de.unimannheim.wdi.model.Author@8868d8e1]|[de.unimannheim.wdi.model.Author@8868d8e1]}","1.0","{2000}","1.0","{[, Romance, , Romantic Suspense, , Mystery, , Romance, , Suspense, ]}",,
"goodreads_23969+recommendation_11629+recommendation_42330","0.8571428571428571","1.0","{305}","1.0","{White Horses|White Horses|White Horses}","1.0","{3}","1.0","{Berkley Publishing Group|Berkley Publishing Group}","1.0","{[de.unimannheim.wdi.model.Author@7787da32]|[de.unimannheim.wdi.model.Author@7787da32]|[de.unimannheim.wdi.model.Author@7787da32]}","0.0","{1999|1993}","1.0","{[, Fiction, , Magical Realism, ]}",,
"goodreads_21+goodreads_32447+goodreads_33762+goodreads_39134+goodreads_51867+recommendation_144264+recommendation_166635+recommendation_204623+recommendation_242878+recommendation_248931+recommendation_28494+recommendation_3324+recommendation_40043+recommendation_41258+recommendation_58232+recommendation_69676+recommendation_84626","0.766860725481415","0.18181818181818182","{507|596|596|620|534|480|462|188|447|624|267}","1.0","{Jane Eyre|Jane Eyre|Jane Eyre|Jane Eyre|Jane Eyre|Jane Eyre|Jane Eyre|Jane Eyre|Jane Eyre|Jane Eyre|Jane Eyre|Jane Eyre|Jane Eyre|Jane Eyre|Jane Eyre|Jane Eyre|Jane Eyre|Jane Eyre|Jane Eyre|Jane Eyre|Jane Eyre|Jane Eyre|Jane Eyre|Jane Eyre|Jane Eyre|Jane Eyre|Jane Eyre|Jane Eyre|Jane Eyre}","1.0","{4|4|4|4|4|4|4|4|4|4|4}","1.0","{Random House Value Publishing}","0.5862068965517241","{[de.unimannheim.wdi.model.Author@13cfe879]|[de.unimannheim.wdi.model.Author@13cfe879]|[de.unimannheim.wdi.model.Author@13cfe879]|[de.unimannheim.wdi.model.Author@13cfe879]|[de.unimannheim.wdi.model.Author@13cfe879]|[de.unimannheim.wdi.model.Author@13cfe879]|[de.unimannheim.wdi.model.Author@13cfe879]|[de.unimannheim.wdi.model.Author@13cfe879]|[de.unimannheim.wdi.model.Author@13cfe879]|[de.unimannheim.wdi.model.Author@13cfe879]|[de.unimannheim.wdi.model.Author@13cfe7f3]|[de.unimannheim.wdi.model.Author@13cfe7f3]|[de.unimannheim.wdi.model.Author@13cfe7f3]|[de.unimannheim.wdi.model.Author@8f5ed755]|[de.unimannheim.wdi.model.Author@13cfe7f3]|[de.unimannheim.wdi.model.Author@13cfe7f3]|[de.unimannheim.wdi.model.Author@13cfe7f3]|[de.unimannheim.wdi.model.Author@13cfe7f3]|[de.unimannheim.wdi.model.Author@13cfe7f3]|[de.unimannheim.wdi.model.Author@13cfe7f3]|[de.unimannheim.wdi.model.Author@13cfe7f3]|[de.unimannheim.wdi.model.Author@13cfe7f3]|[de.unimannheim.wdi.model.Author@13cfe7f3]|[de.unimannheim.wdi.model.Author@13cfe7f3]|[de.unimannheim.wdi.model.Author@13cfe7f3]|[de.unimannheim.wdi.model.Author@8f5ed755]|[de.unimannheim.wdi.model.Author@13cfe7f3]|[de.unimannheim.wdi.model.Author@13cfe7f3]|[de.unimannheim.wdi.model.Author@13cfe7f3]}","1.0","{1988}","0.6","{[, Classics, , Fiction, , Romance, , Historical, , Historical Fiction, , Literature, , Gothic, , Historical, , Literature, , 19th Century, , Classics, , Classic Literature, , Academic, , School, ]|[, Classics, , Fiction, , Romance, ]|[, Classics, , Fiction, , Romance, ]|[, Classics, , Fiction, , Romance, ]|[, Classics, , Fiction, , Romance, , Historical, , Historical Fiction, , Literature, , Gothic, , Historical, , Literature, , 19th Century, , Classics, , Classic Literature, , Academic, , School, ]|[, Classics, , Fiction, , Romance, , Historical, , Historical Fiction, , Literature, , Gothic, , Historical, , Literature, , 19th Century, , Classics, , Classic Literature, , Academic, , School, ]|[, Classics, , Fiction, , Romance, , Historical, , Historical Fiction, , Literature, , Gothic, , Historical, , Literature, , 19th Century, , Classics, , Classic Literature, , Academic, , School, ]|[, Classics, , Fiction, , Romance, , Historical, , Historical Fiction, , Literature, , Gothic, , Historical, , Literature, , 19th Century, , Classics, , Classic Literature, , Academic, , School, ]|[, Classics, , Fiction, , Romance, , Historical, , Historical Fiction, , Literature, , Gothic, , Historical, , Literature, , 19th Century, , Classics, , Classic Literature, , Academic, , School, ]|[, Classics, , Fiction, , Romance, ]}",,
"goodreads_4672+kindle_48084+recommendation_106917+recommendation_124776+recommendation_67103+recommendation_82696","0.6166666666666667","0.0","{544|538}","1.0","{The Rainbow|The Rainbow|The Rainbow|The Rainbow|The Rainbow|The Rainbow}","0.0","{3|4}","0.6","{Acheron Press|Bantam Books|Penguin Books Ltd|Penguin Books Ltd|Penguin Books Ltd}","0.8333333333333334","{[de.unimannheim.wdi.model.Author@be686d6a]|[de.unimannheim.wdi.model.Author@be686d6a]|[de.unimannheim.wdi.model.Author@d258615e]|[de.unimannheim.wdi.model.Author@be686d6a]|[de.unimannheim.wdi.model.Author@be686d6a]|[de.unimannheim.wdi.model.Author@be686d6a]}","0.5","{1991|1969|1989|1989}","1.0","{[, Classics, , Fiction, , Literature, ]}","1.0","{0}"
"goodreads_1345+goodreads_35708+goodreads_53116+recommendation_104563+recommendation_192858+recommendation_82764+recommendation_86382","0.6857142857142857","0.0","{512|428|414}","1.0","{Dead Souls|Dead Souls|Dead Souls|Dead Souls|Dead Souls|Dead Souls|Dead Souls}","1.0","{3|3|3}",,,"0.42857142857142855","{[de.unimannheim.wdi.model.Author@d18e5370]|[de.unimannheim.wdi.model.Author@d18e5370]|[de.unimannheim.wdi.model.Author@d18e5370]|[de.unimannheim.wdi.model.Author@aaded9f8]|[de.unimannheim.wdi.model.Author@aaded9f8]|[de.unimannheim.wdi.model.Author@aaded9f8]|[de.unimannheim.wdi.model.Author@6df5621e]}",,,"1.0","{[, Classics, , Fiction, , Cultural, , Russia, , Literature, , Russian Literature, , Literature, ]|[, Classics, , Fiction, , Cultural, , Russia, , Literature, , Russian Literature, , Literature, ]|[, Classics, , Fiction, , Cultural, , Russia, , Literature, , Russian Literature, , Literature, ]}",,
"goodreads_922+recommendation_120534","1.0",,,,,,,"1.0","{Random House}",,,,,,,,
"goodreads_12730+goodreads_15147+goodreads_23752+goodreads_24148+goodreads_29915+goodreads_759+recommendation_30466+recommendation_48003+recommendation_6513","0.8095238095238094","0.0","{442|322}","1.0","{The Two Towers|The Two Towers|The Two Towers}","1.0","{4|4}","1.0","{Not Avail}","0.6666666666666666","{[de.unimannheim.wdi.model.Author@5cb7d793]|[de.unimannheim.wdi.model.Author@5cb7d793]|[de.unimannheim.wdi.model.Author@f8dbdfdb]}","1.0","{1976}","1.0","{[, Fantasy, , Fiction, , Classics, , Adventure, ]|[, Fantasy, , Fiction, , Classics, , Adventure, ]}",,
"goodreads_42661+recommendation_227675","1.0","1.0","{428}","1.0","{The Flood-Tide|The Flood-Tide}","1.0","{4}","1.0","{Severn House Pub Ltd}","1.0","{[de.unimannheim.wdi.model.Author@859efb31]|[de.unimannheim.wdi.model.Author@859efb31]}","1.0","{1988}","1.0","{[, Historical, , Historical Fiction, , Historical, , Fiction, ]}",,
"goodreads_1221+kindle_22396+recommendation_14901+recommendation_60097+recommendation_69336+recommendation_92390","0.7375","0.0","{645|654}","1.0","{The Brothers K|The Brothers K|The Brothers K|The Brothers K|The Brothers K|The Brothers K}","1.0","{4|4}","0.4","{Dial Press Trade Paperback|Random House|Bantam Books|Bantam|Bantam}","1.0","{[de.unimannheim.wdi.model.Author@8e3e71ba]|[de.unimannheim.wdi.model.Author@8e3e71ba]|[de.unimannheim.wdi.model.Author@8e3e71ba]|[de.unimannheim.wdi.model.Author@8e3e71ba]|[de.unimannheim.wdi.model.Author@8e3e71ba]|[de.unimannheim.wdi.model.Author@8e3e71ba]}","0.5","{1992|1993|1996|1996}","1.0","{[, Fiction, , Sports, , Baseball, , Historical, , Historical Fiction, , Sports and Games, , Sports, , Novels, , Abandoned, ]}","1.0","{13}"
"goodreads_19456+goodreads_24168+goodreads_24510+goodreads_33450+goodreads_35512+goodreads_42742+goodreads_43561+goodreads_43968+goodreads_44+goodreads_6893+goodreads_91+recommendation_10257+recommendation_116672+recommendation_129641+recommendation_15398+recommendation_164263+recommendation_17798+recommendation_180+recommendation_18000+recommendation_2231+recommendation_249337+recommendation_25706+recommendation_66946+recommendation_98431","0.6904761904761906","1.0","{247|247}","1.0","{Fahrenheit 451|Fahrenheit 451|Fahrenheit 451|Fahrenheit 451|Fahrenheit 451|Fahrenheit 451}","1.0","{3|3}","0.0","{Distribooks Inc|Del Rey|Plaza &amp; Janes Editores, S.A.|Del Rey Books}","0.8333333333333334","{[de.unimannheim.wdi.model.Author@e29c9462]|[de.unimannheim.wdi.model.Author@e29c9462]|[de.unimannheim.wdi.model.Author@e29c9462]|[de.unimannheim.wdi.model.Author@e7a3a442]|[de.unimannheim.wdi.model.Author@e29c9462]|[de.unimannheim.wdi.model.Author@e29c9462]}","0.0","{1994|1987|2003|1979}","1.0","{[, Classics, , Fiction, , Science Fiction, , Science Fiction, , Dystopia, , Literature, , Academic, , School, , Novels, , Fantasy, , Science Fiction Fantasy, , Adult, ]|[, Classics, , Fiction, , Science Fiction, , Science Fiction, , Dystopia, , Literature, , Academic, , School, , Novels, , Fantasy, , Science Fiction Fantasy, , Adult, ]}",,
"goodreads_31853+recommendation_225576+recommendation_53163+recommendation_58177","0.7142857142857143","1.0","{402}","1.0","{On Fortune's Wheel|On Fortune's Wheel|On Fortune's Wheel|On Fortune's Wheel}","1.0","{4}","0.0","{Fawcett Books|Simon Pulse|Sagebrush Bound}","1.0","{[de.unimannheim.wdi.model.Author@d8bde7c0]|[de.unimannheim.wdi.model.Author@d8bde7c0]|[de.unimannheim.wdi.model.Author@d8bde7c0]|[de.unimannheim.wdi.model.Author@d8bde7c0]}","0.0","{1996|1999|2001}","1.0","{[, Fantasy, , Young Adult, , Fiction, , Romance, , Historical, , Historical Fiction, , Adventure, ]}",,
"goodreads_10814+goodreads_11961+goodreads_19635+goodreads_21535+goodreads_26051+goodreads_3+goodreads_31368+goodreads_34674+recommendation_114021+recommendation_1712+recommendation_178732+recommendation_197237+recommendation_38+recommendation_5474+recommendation_57694+recommendation_94526","1.0","1.0","{385}","1.0","{To Kill a Mockingbird|To Kill a Mockingbird}","1.0","{4}","1.0","{Perennial Classics}","1.0","{[de.unimannheim.wdi.model.Author@fc456bef]|[de.unimannheim.wdi.model.Author@fc456bef]}","1.0","{2002}","1.0","{[, Classics, , Fiction, , Historical, , Historical Fiction, , Academic, , School, ]}",,
"goodreads_44907+goodreads_6292+recommendation_91327+recommendation_93559","0.7142857142857143","1.0","{275|275}","1.0","{If Nobody Speaks of Remarkable Things|If Nobody Speaks of Remarkable Things|If Nobody Speaks of Remarkable Things|If Nobody Speaks of Remarkable Things}","1.0","{3|3}","0.0","{Bloomsbury Publishing Plc|Mariner Books}","1.0","{[de.unimannheim.wdi.model.Author@7c01397c]|[de.unimannheim.wdi.model.Author@7c01397c]|[de.unimannheim.wdi.model.Author@7c01397c]|[de.unimannheim.wdi.model.Author@7c01397c]}","0.0","{2002|2003}","1.0","{[, Fiction, , Contemporary, , Novels, ]|[, Fiction, , Contemporary, , Novels, ]}",,
